-- phpMyAdmin SQL Dump
-- version 4.7.0
-- https://www.phpmyadmin.net/
--
-- Host: 127.0.0.1
-- Generation Time: Oct 26, 2017 at 03:31 AM
-- Server version: 10.1.25-MariaDB
-- PHP Version: 7.1.7

SET SQL_MODE = "NO_AUTO_VALUE_ON_ZERO";
SET AUTOCOMMIT = 0;
START TRANSACTION;
SET time_zone = "+00:00";


/*!40101 SET @OLD_CHARACTER_SET_CLIENT=@@CHARACTER_SET_CLIENT */;
/*!40101 SET @OLD_CHARACTER_SET_RESULTS=@@CHARACTER_SET_RESULTS */;
/*!40101 SET @OLD_COLLATION_CONNECTION=@@COLLATION_CONNECTION */;
/*!40101 SET NAMES utf8mb4 */;

--
-- Database: `bnpb_v2`
--

-- --------------------------------------------------------

--
-- Table structure for table `districts`
--

CREATE TABLE `districts` (
  `id` int(11) NOT NULL,
  `kode_propinsi` varchar(15) NOT NULL,
  `kode_kabupaten` varchar(15) NOT NULL,
  `nama_kabupaten` varchar(25) NOT NULL,
  `created_at` datetime NOT NULL DEFAULT '0000-00-00 00:00:00',
  `created_by` int(11) DEFAULT NULL,
  `updated_at` datetime NOT NULL DEFAULT '0000-00-00 00:00:00',
  `updated_by` int(11) DEFAULT NULL
) ENGINE=InnoDB DEFAULT CHARSET=latin1;

--
-- Dumping data for table `districts`
--

INSERT INTO `districts` (`id`, `kode_propinsi`, `kode_kabupaten`, `nama_kabupaten`, `created_at`, `created_by`, `updated_at`, `updated_by`) VALUES
(1, '1100000000', '1101000000', '         ACEH SELATAN', '0000-00-00 00:00:00', NULL, '0000-00-00 00:00:00', NULL),
(2, '1100000000', '1102000000', '         ACEH TENGGARA', '0000-00-00 00:00:00', NULL, '0000-00-00 00:00:00', NULL),
(3, '1100000000', '1103000000', '         ACEH TIMUR', '0000-00-00 00:00:00', NULL, '0000-00-00 00:00:00', NULL),
(4, '1100000000', '1104000000', '         ACEH TENGAH', '0000-00-00 00:00:00', NULL, '0000-00-00 00:00:00', NULL),
(5, '1100000000', '1105000000', '         ACEH BARAT', '0000-00-00 00:00:00', NULL, '0000-00-00 00:00:00', NULL),
(6, '1100000000', '1106000000', '         ACEH BESAR', '0000-00-00 00:00:00', NULL, '0000-00-00 00:00:00', NULL),
(7, '1100000000', '1107000000', '         PIDIE', '0000-00-00 00:00:00', NULL, '0000-00-00 00:00:00', NULL),
(8, '1100000000', '1108000000', '         ACEH UTARA', '0000-00-00 00:00:00', NULL, '0000-00-00 00:00:00', NULL),
(9, '1100000000', '1109000000', '         SIMEULUE', '0000-00-00 00:00:00', NULL, '0000-00-00 00:00:00', NULL),
(10, '1100000000', '1110000000', '         ACEH SINGKIL', '0000-00-00 00:00:00', NULL, '0000-00-00 00:00:00', NULL),
(11, '1100000000', '1111000000', '         BIREUEN', '0000-00-00 00:00:00', NULL, '0000-00-00 00:00:00', NULL),
(12, '1100000000', '1112000000', '         ACEH BARAT DAYA', '0000-00-00 00:00:00', NULL, '0000-00-00 00:00:00', NULL),
(13, '1100000000', '1113000000', '         GAYO LUES', '0000-00-00 00:00:00', NULL, '0000-00-00 00:00:00', NULL),
(14, '1100000000', '1114000000', '         ACEH TAMIANG', '0000-00-00 00:00:00', NULL, '0000-00-00 00:00:00', NULL),
(15, '1100000000', '1115000000', '         NAGAN RAYA', '0000-00-00 00:00:00', NULL, '0000-00-00 00:00:00', NULL),
(16, '1100000000', '1116000000', '         ACEH JAYA', '0000-00-00 00:00:00', NULL, '0000-00-00 00:00:00', NULL),
(17, '1100000000', '1117000000', '         BENER MERIAH', '0000-00-00 00:00:00', NULL, '0000-00-00 00:00:00', NULL),
(18, '1100000000', '1118000000', '         PIDIE JAYA', '0000-00-00 00:00:00', NULL, '0000-00-00 00:00:00', NULL),
(19, '1100000000', '1171000000', '         BANDA ACEH', '0000-00-00 00:00:00', NULL, '0000-00-00 00:00:00', NULL),
(20, '1100000000', '1172000000', '         SABANG', '0000-00-00 00:00:00', NULL, '0000-00-00 00:00:00', NULL),
(21, '1100000000', '1173000000', '         LANGSA', '0000-00-00 00:00:00', NULL, '0000-00-00 00:00:00', NULL),
(22, '1100000000', '1174000000', '         LHOKSEUMAWE', '0000-00-00 00:00:00', NULL, '0000-00-00 00:00:00', NULL),
(23, '1100000000', '1175000000', '         SUBULUSSALAM', '0000-00-00 00:00:00', NULL, '0000-00-00 00:00:00', NULL),
(24, '1200000000', '1201000000', '         NIAS', '0000-00-00 00:00:00', NULL, '0000-00-00 00:00:00', NULL),
(25, '1200000000', '1202000000', '         TAPANULI SELATAN', '0000-00-00 00:00:00', NULL, '0000-00-00 00:00:00', NULL),
(26, '1200000000', '1203000000', '         TAPANULI TENGAH', '0000-00-00 00:00:00', NULL, '0000-00-00 00:00:00', NULL),
(27, '1200000000', '1204000000', '         TAPANULI UTARA', '0000-00-00 00:00:00', NULL, '0000-00-00 00:00:00', NULL),
(28, '1200000000', '1205000000', '         LABUHANBATU', '0000-00-00 00:00:00', NULL, '0000-00-00 00:00:00', NULL),
(29, '1200000000', '1206000000', '         ASAHAN', '0000-00-00 00:00:00', NULL, '0000-00-00 00:00:00', NULL),
(30, '1200000000', '1207000000', '         SIMALUNGUN', '0000-00-00 00:00:00', NULL, '0000-00-00 00:00:00', NULL),
(31, '1200000000', '1208000000', '         DAIRI', '0000-00-00 00:00:00', NULL, '0000-00-00 00:00:00', NULL),
(32, '1200000000', '1209000000', '         KARO', '0000-00-00 00:00:00', NULL, '0000-00-00 00:00:00', NULL),
(33, '1200000000', '1210000000', '         DELI SERDANG', '0000-00-00 00:00:00', NULL, '0000-00-00 00:00:00', NULL),
(34, '1200000000', '1211000000', '         LANGKAT', '0000-00-00 00:00:00', NULL, '0000-00-00 00:00:00', NULL),
(35, '1200000000', '1212000000', '         TOBA SAMOSIR', '0000-00-00 00:00:00', NULL, '0000-00-00 00:00:00', NULL),
(36, '1200000000', '1213000000', '         MANDAILING NATAL', '0000-00-00 00:00:00', NULL, '0000-00-00 00:00:00', NULL),
(37, '1200000000', '1214000000', '         NIAS SELATAN', '0000-00-00 00:00:00', NULL, '0000-00-00 00:00:00', NULL),
(38, '1200000000', '1215000000', '         HUMBANG HASUNDUT', '0000-00-00 00:00:00', NULL, '0000-00-00 00:00:00', NULL),
(39, '1200000000', '1216000000', '         PAKPAK BHARAT', '0000-00-00 00:00:00', NULL, '0000-00-00 00:00:00', NULL),
(40, '1200000000', '1217000000', '         SAMOSIR', '0000-00-00 00:00:00', NULL, '0000-00-00 00:00:00', NULL),
(41, '1200000000', '1218000000', '         SERDANG BEDAGAI', '0000-00-00 00:00:00', NULL, '0000-00-00 00:00:00', NULL),
(42, '1200000000', '1220000000', '         BATUBARA', '0000-00-00 00:00:00', NULL, '0000-00-00 00:00:00', NULL),
(43, '1200000000', '1221000000', '         PADANG LAWAS', '0000-00-00 00:00:00', NULL, '0000-00-00 00:00:00', NULL),
(44, '1200000000', '1222000000', '         PADANG LAWAS UTA', '0000-00-00 00:00:00', NULL, '0000-00-00 00:00:00', NULL),
(45, '1200000000', '1223000000', '         NIAS BARAT', '0000-00-00 00:00:00', NULL, '0000-00-00 00:00:00', NULL),
(46, '1200000000', '1224000000', '         NIAS UTARA', '0000-00-00 00:00:00', NULL, '0000-00-00 00:00:00', NULL),
(47, '1200000000', '1225000000', '         LABUHANBATU SELA', '0000-00-00 00:00:00', NULL, '0000-00-00 00:00:00', NULL),
(48, '1200000000', '1226000000', '         LABUHANBATU UTAR', '0000-00-00 00:00:00', NULL, '0000-00-00 00:00:00', NULL),
(49, '1200000000', '1271000000', '         SIBOLGA', '0000-00-00 00:00:00', NULL, '0000-00-00 00:00:00', NULL),
(50, '1200000000', '1272000000', '         TANJUNGBALAI', '0000-00-00 00:00:00', NULL, '0000-00-00 00:00:00', NULL),
(51, '1200000000', '1273000000', '         PEMATANGSIANTAR', '0000-00-00 00:00:00', NULL, '0000-00-00 00:00:00', NULL),
(52, '1200000000', '1274000000', '         TEBING TINGGI', '0000-00-00 00:00:00', NULL, '0000-00-00 00:00:00', NULL),
(53, '1200000000', '1275000000', '         MEDAN', '0000-00-00 00:00:00', NULL, '0000-00-00 00:00:00', NULL),
(54, '1200000000', '1276000000', '         BINJAI', '0000-00-00 00:00:00', NULL, '0000-00-00 00:00:00', NULL),
(55, '1200000000', '1277000000', '         PADANGSIDIMPUAN ', '0000-00-00 00:00:00', NULL, '0000-00-00 00:00:00', NULL),
(56, '1200000000', '1278000000', '         GUNUNGSITOLI', '0000-00-00 00:00:00', NULL, '0000-00-00 00:00:00', NULL),
(57, '1300000000', '1301000000', '         PESISIR SELATAN', '0000-00-00 00:00:00', NULL, '0000-00-00 00:00:00', NULL),
(58, '1300000000', '1302000000', '         SOLOK', '0000-00-00 00:00:00', NULL, '0000-00-00 00:00:00', NULL),
(59, '1300000000', '1303000000', '         SIJUNJUNG', '0000-00-00 00:00:00', NULL, '0000-00-00 00:00:00', NULL),
(60, '1300000000', '1304000000', '         TANAH DATAR', '0000-00-00 00:00:00', NULL, '0000-00-00 00:00:00', NULL),
(61, '1300000000', '1305000000', '         PADANG PARIAMAN', '0000-00-00 00:00:00', NULL, '0000-00-00 00:00:00', NULL),
(62, '1300000000', '1306000003', '         AGAM', '0000-00-00 00:00:00', NULL, '0000-00-00 00:00:00', NULL),
(63, '1300000000', '1307000000', '         LIMA PULUH KOTA', '0000-00-00 00:00:00', NULL, '0000-00-00 00:00:00', NULL),
(64, '1300000000', '1308000000', '         PASAMAN', '0000-00-00 00:00:00', NULL, '0000-00-00 00:00:00', NULL),
(65, '1300000000', '1309000000', '         MENTAWAI', '0000-00-00 00:00:00', NULL, '0000-00-00 00:00:00', NULL),
(66, '1300000000', '1310000000', '         SOLOK SELATAN', '0000-00-00 00:00:00', NULL, '0000-00-00 00:00:00', NULL),
(67, '1300000000', '1311000000', '         DHARMASRAYA', '0000-00-00 00:00:00', NULL, '0000-00-00 00:00:00', NULL),
(68, '1300000000', '1312000000', '         PASAMAN BARAT', '0000-00-00 00:00:00', NULL, '0000-00-00 00:00:00', NULL),
(69, '1300000000', '1371000000', '         PADANG', '0000-00-00 00:00:00', NULL, '0000-00-00 00:00:00', NULL),
(70, '1300000000', '1372000000', '         SOLOK', '0000-00-00 00:00:00', NULL, '0000-00-00 00:00:00', NULL),
(71, '1300000000', '1373000000', '         SAWAH LUNTO', '0000-00-00 00:00:00', NULL, '0000-00-00 00:00:00', NULL),
(72, '1300000000', '1374000000', '         PADANG PANJANG', '0000-00-00 00:00:00', NULL, '0000-00-00 00:00:00', NULL),
(73, '1300000000', '1375000000', '         BUKITTINGGI', '0000-00-00 00:00:00', NULL, '0000-00-00 00:00:00', NULL),
(74, '1300000000', '1376000000', '         PAYAKUMBUH', '0000-00-00 00:00:00', NULL, '0000-00-00 00:00:00', NULL),
(75, '1300000000', '1377000000', '         PARIAMAN', '0000-00-00 00:00:00', NULL, '0000-00-00 00:00:00', NULL),
(76, '1400000000', '1401000000', '         INDRAGIRI HULU', '0000-00-00 00:00:00', NULL, '0000-00-00 00:00:00', NULL),
(77, '1400000000', '1402000000', '         INDRAGIRI HILIR', '0000-00-00 00:00:00', NULL, '0000-00-00 00:00:00', NULL),
(78, '1400000000', '1403000003', '         KAMPAR', '0000-00-00 00:00:00', NULL, '0000-00-00 00:00:00', NULL),
(79, '1400000000', '1404000000', '         BENGKALIS', '0000-00-00 00:00:00', NULL, '0000-00-00 00:00:00', NULL),
(80, '1400000000', '1405000000', '         PELALAWAN', '0000-00-00 00:00:00', NULL, '0000-00-00 00:00:00', NULL),
(81, '1400000000', '1406000000', '         ROKAN HULU', '0000-00-00 00:00:00', NULL, '0000-00-00 00:00:00', NULL),
(82, '1400000000', '1407000000', '         ROKAN HILIR', '0000-00-00 00:00:00', NULL, '0000-00-00 00:00:00', NULL),
(83, '1400000000', '1408000000', '         SIAK', '0000-00-00 00:00:00', NULL, '0000-00-00 00:00:00', NULL),
(84, '1400000000', '1409000000', '         KUANTAN SINGINGI', '0000-00-00 00:00:00', NULL, '0000-00-00 00:00:00', NULL),
(85, '1400000000', '1410000000', '         KEPULAUAN MERANT', '0000-00-00 00:00:00', NULL, '0000-00-00 00:00:00', NULL),
(86, '1400000000', '1411000001', '         PADANG SIDEMPUAN', '0000-00-00 00:00:00', NULL, '0000-00-00 00:00:00', NULL),
(87, '1400000000', '1411000005', '         TALAUD', '0000-00-00 00:00:00', NULL, '0000-00-00 00:00:00', NULL),
(88, '1400000000', '1471000000', '         PEKANBARU', '0000-00-00 00:00:00', NULL, '0000-00-00 00:00:00', NULL),
(89, '1400000000', '1472000000', '         DUMAI', '0000-00-00 00:00:00', NULL, '0000-00-00 00:00:00', NULL),
(90, '1500000000', '1501000000', '         KERINCI', '0000-00-00 00:00:00', NULL, '0000-00-00 00:00:00', NULL),
(91, '1500000000', '1502000000', '         BUNGO', '0000-00-00 00:00:00', NULL, '0000-00-00 00:00:00', NULL),
(92, '1500000000', '1503000000', '         SAROLANGUN', '0000-00-00 00:00:00', NULL, '0000-00-00 00:00:00', NULL),
(93, '1500000000', '1504000000', '         BATANG HARI', '0000-00-00 00:00:00', NULL, '0000-00-00 00:00:00', NULL),
(94, '1500000000', '1505000000', '         TEBO', '0000-00-00 00:00:00', NULL, '0000-00-00 00:00:00', NULL),
(95, '1500000000', '1505500000', '         BUNGO TEBO', '0000-00-00 00:00:00', NULL, '0000-00-00 00:00:00', NULL),
(96, '1500000000', '1506000000', '         MERANGIN', '0000-00-00 00:00:00', NULL, '0000-00-00 00:00:00', NULL),
(97, '1500000000', '1507000000', '         TANJUNG JABUNG B', '0000-00-00 00:00:00', NULL, '0000-00-00 00:00:00', NULL),
(98, '1500000000', '1508000000', '         TANJUNG JABUNG T', '0000-00-00 00:00:00', NULL, '0000-00-00 00:00:00', NULL),
(99, '1500000000', '1509000000', '         MUARO JAMBI', '0000-00-00 00:00:00', NULL, '0000-00-00 00:00:00', NULL),
(100, '1500000000', '1510000000', '         SAROLANGUN BANGK', '0000-00-00 00:00:00', NULL, '0000-00-00 00:00:00', NULL),
(101, '1500000000', '1571000000', '         JAMBI', '0000-00-00 00:00:00', NULL, '0000-00-00 00:00:00', NULL),
(102, '1500000000', '1572000000', '         SUNGAI PENUH', '0000-00-00 00:00:00', NULL, '0000-00-00 00:00:00', NULL),
(103, '1600000000', '1601000000', '         OGAN KOMERING UL', '0000-00-00 00:00:00', NULL, '0000-00-00 00:00:00', NULL),
(104, '1600000000', '1602000000', '         OGAN KOMERING IL', '0000-00-00 00:00:00', NULL, '0000-00-00 00:00:00', NULL),
(105, '1600000000', '1603000000', '         MUARA ENIM', '0000-00-00 00:00:00', NULL, '0000-00-00 00:00:00', NULL),
(106, '1600000000', '1604000000', '         LAHAT', '0000-00-00 00:00:00', NULL, '0000-00-00 00:00:00', NULL),
(107, '1600000000', '1605000000', '         MUSI RAWAS', '0000-00-00 00:00:00', NULL, '0000-00-00 00:00:00', NULL),
(108, '1600000000', '1606000000', '         MUSI BANYUASIN', '0000-00-00 00:00:00', NULL, '0000-00-00 00:00:00', NULL),
(109, '1600000000', '1607000000', '         BANYUASIN', '0000-00-00 00:00:00', NULL, '0000-00-00 00:00:00', NULL),
(110, '1600000000', '1608000000', '         OGAN KOMERING UL', '0000-00-00 00:00:00', NULL, '0000-00-00 00:00:00', NULL),
(111, '1600000000', '1609000000', '         OGAN KOMERING UL', '0000-00-00 00:00:00', NULL, '0000-00-00 00:00:00', NULL),
(112, '1600000000', '1610000000', '         OGAN ILIR', '0000-00-00 00:00:00', NULL, '0000-00-00 00:00:00', NULL),
(113, '1600000000', '1611000000', '         EMPAT LAWANG', '0000-00-00 00:00:00', NULL, '0000-00-00 00:00:00', NULL),
(114, '1600000000', '1671000000', '         PALEMBANG', '0000-00-00 00:00:00', NULL, '0000-00-00 00:00:00', NULL),
(115, '1600000000', '1672000000', '         PAGAR ALAM', '0000-00-00 00:00:00', NULL, '0000-00-00 00:00:00', NULL),
(116, '1600000000', '1673000000', '         LUBUK LINGGAU', '0000-00-00 00:00:00', NULL, '0000-00-00 00:00:00', NULL),
(117, '1600000000', '1674000000', '         PRABUMULIH', '0000-00-00 00:00:00', NULL, '0000-00-00 00:00:00', NULL),
(118, '1600000000', '1675000000', '         PENUKAL ABAB LEM', '0000-00-00 00:00:00', NULL, '0000-00-00 00:00:00', NULL),
(119, '1600000000', '1675000001', '         SOLOK', '0000-00-00 00:00:00', NULL, '0000-00-00 00:00:00', NULL),
(120, '1600000000', '1676000000', '         MUSI RAWAS UTARA', '0000-00-00 00:00:00', NULL, '0000-00-00 00:00:00', NULL),
(121, '1700000000', '1701000000', '         BENGKULU SELATAN', '0000-00-00 00:00:00', NULL, '0000-00-00 00:00:00', NULL),
(122, '1700000000', '1702000000', '         REJANG LEBONG', '0000-00-00 00:00:00', NULL, '0000-00-00 00:00:00', NULL),
(123, '1700000000', '1703000000', '         BENGKULU UTARA', '0000-00-00 00:00:00', NULL, '0000-00-00 00:00:00', NULL),
(124, '1700000000', '1704000000', '         KAUR', '0000-00-00 00:00:00', NULL, '0000-00-00 00:00:00', NULL),
(125, '1700000000', '1705000000', '         SELUMA', '0000-00-00 00:00:00', NULL, '0000-00-00 00:00:00', NULL),
(126, '1700000000', '1706000000', '         MUKOMUKO', '0000-00-00 00:00:00', NULL, '0000-00-00 00:00:00', NULL),
(127, '1700000000', '1707000000', '         KEPAHIANG', '0000-00-00 00:00:00', NULL, '0000-00-00 00:00:00', NULL),
(128, '1700000000', '1708000000', '         LEBONG', '0000-00-00 00:00:00', NULL, '0000-00-00 00:00:00', NULL),
(129, '1700000000', '1709000000', '         BENGKULU TENGAH', '0000-00-00 00:00:00', NULL, '0000-00-00 00:00:00', NULL),
(130, '1700000000', '1771000000', '         BENGKULU', '0000-00-00 00:00:00', NULL, '0000-00-00 00:00:00', NULL),
(131, '1800000000', '1801000000', '         LAMPUNG SELATAN', '0000-00-00 00:00:00', NULL, '0000-00-00 00:00:00', NULL),
(132, '1800000000', '1802000000', '         LAMPUNG TENGAH', '0000-00-00 00:00:00', NULL, '0000-00-00 00:00:00', NULL),
(133, '1800000000', '1803000000', '         LAMPUNG UTARA', '0000-00-00 00:00:00', NULL, '0000-00-00 00:00:00', NULL),
(134, '1800000000', '1804000000', '         LAMPUNG BARAT', '0000-00-00 00:00:00', NULL, '0000-00-00 00:00:00', NULL),
(135, '1800000000', '1805000000', '         TANGGAMUS', '0000-00-00 00:00:00', NULL, '0000-00-00 00:00:00', NULL),
(136, '1800000000', '1806000000', '         TULANG BAWANG', '0000-00-00 00:00:00', NULL, '0000-00-00 00:00:00', NULL),
(137, '1800000000', '1807000000', '         WAY KANAN', '0000-00-00 00:00:00', NULL, '0000-00-00 00:00:00', NULL),
(138, '1800000000', '1808000000', '         LAMPUNG TIMUR', '0000-00-00 00:00:00', NULL, '0000-00-00 00:00:00', NULL),
(139, '1800000000', '1809000000', '         PESAWARAN', '0000-00-00 00:00:00', NULL, '0000-00-00 00:00:00', NULL),
(140, '1800000000', '1810000000', '         TULANG BAWANG BA', '0000-00-00 00:00:00', NULL, '0000-00-00 00:00:00', NULL),
(141, '1800000000', '1811000000', '         PRINGSEWU', '0000-00-00 00:00:00', NULL, '0000-00-00 00:00:00', NULL),
(142, '1800000000', '1812000000', '         MESUJI', '0000-00-00 00:00:00', NULL, '0000-00-00 00:00:00', NULL),
(143, '1800000000', '1813000000', '         PESISIR BARAT', '0000-00-00 00:00:00', NULL, '0000-00-00 00:00:00', NULL),
(144, '1800000000', '1871000000', '         BANDAR LAMPUNG', '0000-00-00 00:00:00', NULL, '0000-00-00 00:00:00', NULL),
(145, '1800000000', '1872000000', '         METRO', '0000-00-00 00:00:00', NULL, '0000-00-00 00:00:00', NULL),
(146, '1900000000', '1901000000', '         BANGKA', '0000-00-00 00:00:00', NULL, '0000-00-00 00:00:00', NULL),
(147, '1900000000', '1902000000', '         BANGKA BARAT', '0000-00-00 00:00:00', NULL, '0000-00-00 00:00:00', NULL),
(148, '1900000000', '1903000000', '         BANGKA TENGAH', '0000-00-00 00:00:00', NULL, '0000-00-00 00:00:00', NULL),
(149, '1900000000', '1904000000', '         BANGKA SELATAN', '0000-00-00 00:00:00', NULL, '0000-00-00 00:00:00', NULL),
(150, '1900000000', '1905000000', '         BELITUNG', '0000-00-00 00:00:00', NULL, '0000-00-00 00:00:00', NULL),
(151, '1900000000', '1906000000', '         BELITUNG TIMUR', '0000-00-00 00:00:00', NULL, '0000-00-00 00:00:00', NULL),
(152, '1900000000', '1971000000', '         PANGKALPINANG', '0000-00-00 00:00:00', NULL, '0000-00-00 00:00:00', NULL),
(153, '2000000000', '2001000000', '         BINTAN', '0000-00-00 00:00:00', NULL, '0000-00-00 00:00:00', NULL),
(154, '2000000000', '2002000000', '         KARIMUN', '0000-00-00 00:00:00', NULL, '0000-00-00 00:00:00', NULL),
(155, '2000000000', '2003000000', '         NATUNA', '0000-00-00 00:00:00', NULL, '0000-00-00 00:00:00', NULL),
(156, '2000000000', '2004000000', '         LINGGA', '0000-00-00 00:00:00', NULL, '0000-00-00 00:00:00', NULL),
(157, '2000000000', '2005000000', '         KEPULAUAN ANAMBA', '0000-00-00 00:00:00', NULL, '0000-00-00 00:00:00', NULL),
(158, '2000000000', '2071000000', '         BATAM', '0000-00-00 00:00:00', NULL, '0000-00-00 00:00:00', NULL),
(159, '2000000000', '2072000000', '         TANJUNG PINANG', '0000-00-00 00:00:00', NULL, '0000-00-00 00:00:00', NULL),
(160, '3100000000', '3101000000', '         KEPULAUAN SERIBU', '0000-00-00 00:00:00', NULL, '0000-00-00 00:00:00', NULL),
(161, '3100000000', '3171000000', '         JAKARTA SELATAN', '0000-00-00 00:00:00', NULL, '0000-00-00 00:00:00', NULL),
(162, '3100000000', '3172000000', '         JAKARTA TIMUR', '0000-00-00 00:00:00', NULL, '0000-00-00 00:00:00', NULL),
(163, '3100000000', '3173000000', '         JAKARTA PUSAT', '0000-00-00 00:00:00', NULL, '0000-00-00 00:00:00', NULL),
(164, '3100000000', '3174000000', '         JAKARTA BARAT', '0000-00-00 00:00:00', NULL, '0000-00-00 00:00:00', NULL),
(165, '3100000000', '3175000000', '         JAKARTA UTARA', '0000-00-00 00:00:00', NULL, '0000-00-00 00:00:00', NULL),
(166, '3200000000', '3201000000', '         BOGOR', '0000-00-00 00:00:00', NULL, '0000-00-00 00:00:00', NULL),
(167, '3200000000', '3202000000', '         SUKABUMI', '0000-00-00 00:00:00', NULL, '0000-00-00 00:00:00', NULL),
(168, '3200000000', '3203000000', '         CIANJUR', '0000-00-00 00:00:00', NULL, '0000-00-00 00:00:00', NULL),
(169, '3200000000', '3204000000', '         BANDUNG', '0000-00-00 00:00:00', NULL, '0000-00-00 00:00:00', NULL),
(170, '3200000000', '3205000000', '         GARUT', '0000-00-00 00:00:00', NULL, '0000-00-00 00:00:00', NULL),
(171, '3200000000', '3206000000', '         TASIKMALAYA', '0000-00-00 00:00:00', NULL, '0000-00-00 00:00:00', NULL),
(172, '3200000000', '3207000000', '         CIAMIS', '0000-00-00 00:00:00', NULL, '0000-00-00 00:00:00', NULL),
(173, '3200000000', '3208000000', '         KUNINGAN', '0000-00-00 00:00:00', NULL, '0000-00-00 00:00:00', NULL),
(174, '3200000000', '3209000000', '         CIREBON', '0000-00-00 00:00:00', NULL, '0000-00-00 00:00:00', NULL),
(175, '3200000000', '3210000006', '         MAJALENGKA', '0000-00-00 00:00:00', NULL, '0000-00-00 00:00:00', NULL),
(176, '3200000000', '3211000000', '         SUMEDANG', '0000-00-00 00:00:00', NULL, '0000-00-00 00:00:00', NULL),
(177, '3200000000', '3212000000', '         INDRAMAYU', '0000-00-00 00:00:00', NULL, '0000-00-00 00:00:00', NULL),
(178, '3200000000', '3213000000', '         SUBANG', '0000-00-00 00:00:00', NULL, '0000-00-00 00:00:00', NULL),
(179, '3200000000', '3214000000', '         PURWAKARTA', '0000-00-00 00:00:00', NULL, '0000-00-00 00:00:00', NULL),
(180, '3200000000', '3215000000', '         KARAWANG', '0000-00-00 00:00:00', NULL, '0000-00-00 00:00:00', NULL),
(181, '3200000000', '3216000000', '         BEKASI', '0000-00-00 00:00:00', NULL, '0000-00-00 00:00:00', NULL),
(182, '3200000000', '3217000000', '         BANDUNG BARAT', '0000-00-00 00:00:00', NULL, '0000-00-00 00:00:00', NULL),
(183, '3200000000', '3218000000', '         PANGANDARAN', '0000-00-00 00:00:00', NULL, '0000-00-00 00:00:00', NULL),
(184, '3200000000', '3271000000', '         BOGOR', '0000-00-00 00:00:00', NULL, '0000-00-00 00:00:00', NULL),
(185, '3200000000', '3272000000', '         SUKABUMI', '0000-00-00 00:00:00', NULL, '0000-00-00 00:00:00', NULL),
(186, '3200000000', '3273000005', '         BANDUNG', '0000-00-00 00:00:00', NULL, '0000-00-00 00:00:00', NULL),
(187, '3200000000', '3274000000', '         CIREBON', '0000-00-00 00:00:00', NULL, '0000-00-00 00:00:00', NULL),
(188, '3200000000', '3275000000', '         BEKASI', '0000-00-00 00:00:00', NULL, '0000-00-00 00:00:00', NULL),
(189, '3200000000', '3276000000', '         DEPOK', '0000-00-00 00:00:00', NULL, '0000-00-00 00:00:00', NULL),
(190, '3200000000', '3277000000', '         CIMAHI', '0000-00-00 00:00:00', NULL, '0000-00-00 00:00:00', NULL),
(191, '3200000000', '3278000000', '         TASIKMALAYA', '0000-00-00 00:00:00', NULL, '0000-00-00 00:00:00', NULL),
(192, '3200000000', '3279000000', '         BANJAR', '0000-00-00 00:00:00', NULL, '0000-00-00 00:00:00', NULL),
(193, '3300000000', '3301000000', '         CILACAP', '0000-00-00 00:00:00', NULL, '0000-00-00 00:00:00', NULL),
(194, '3300000000', '3302000000', '         BANYUMAS', '0000-00-00 00:00:00', NULL, '0000-00-00 00:00:00', NULL),
(195, '3300000000', '3303000000', '         PURBALINGGA', '0000-00-00 00:00:00', NULL, '0000-00-00 00:00:00', NULL),
(196, '3300000000', '3304000000', '         BANJARNEGARA', '0000-00-00 00:00:00', NULL, '0000-00-00 00:00:00', NULL),
(197, '3300000000', '3305000000', '         KEBUMEN', '0000-00-00 00:00:00', NULL, '0000-00-00 00:00:00', NULL),
(198, '3300000000', '3306000000', '         PURWOREJO', '0000-00-00 00:00:00', NULL, '0000-00-00 00:00:00', NULL),
(199, '3300000000', '3307000000', '         WONOSOBO', '0000-00-00 00:00:00', NULL, '0000-00-00 00:00:00', NULL),
(200, '3300000000', '3308000000', '         MAGELANG', '0000-00-00 00:00:00', NULL, '0000-00-00 00:00:00', NULL),
(201, '3300000000', '3309000000', '         BOYOLALI', '0000-00-00 00:00:00', NULL, '0000-00-00 00:00:00', NULL),
(202, '3300000000', '3310000000', '         KLATEN', '0000-00-00 00:00:00', NULL, '0000-00-00 00:00:00', NULL),
(203, '3300000000', '3311000000', '         SUKOHARJO', '0000-00-00 00:00:00', NULL, '0000-00-00 00:00:00', NULL),
(204, '3300000000', '3312000000', '         WONOGIRI', '0000-00-00 00:00:00', NULL, '0000-00-00 00:00:00', NULL),
(205, '3300000000', '3313000000', '         KARANGANYAR', '0000-00-00 00:00:00', NULL, '0000-00-00 00:00:00', NULL),
(206, '3300000000', '3314000000', '         SRAGEN', '0000-00-00 00:00:00', NULL, '0000-00-00 00:00:00', NULL),
(207, '3300000000', '3315000000', '         GROBOGAN', '0000-00-00 00:00:00', NULL, '0000-00-00 00:00:00', NULL),
(208, '3300000000', '3316000000', '         BLORA', '0000-00-00 00:00:00', NULL, '0000-00-00 00:00:00', NULL),
(209, '3300000000', '3317000000', '         REMBANG', '0000-00-00 00:00:00', NULL, '0000-00-00 00:00:00', NULL),
(210, '3300000000', '3318000000', '         PATI', '0000-00-00 00:00:00', NULL, '0000-00-00 00:00:00', NULL),
(211, '3300000000', '3319000000', '         KUDUS', '0000-00-00 00:00:00', NULL, '0000-00-00 00:00:00', NULL),
(212, '3300000000', '3320000000', '         JEPARA', '0000-00-00 00:00:00', NULL, '0000-00-00 00:00:00', NULL),
(213, '3300000000', '3321000000', '         DEMAK', '0000-00-00 00:00:00', NULL, '0000-00-00 00:00:00', NULL),
(214, '3300000000', '3322000000', '         SEMARANG', '0000-00-00 00:00:00', NULL, '0000-00-00 00:00:00', NULL),
(215, '3300000000', '3323000000', '         TEMANGGUNG', '0000-00-00 00:00:00', NULL, '0000-00-00 00:00:00', NULL),
(216, '3300000000', '3324000000', '         KENDAL', '0000-00-00 00:00:00', NULL, '0000-00-00 00:00:00', NULL),
(217, '3300000000', '3325000000', '         BATANG', '0000-00-00 00:00:00', NULL, '0000-00-00 00:00:00', NULL),
(218, '3300000000', '3326000000', '         PEKALONGAN', '0000-00-00 00:00:00', NULL, '0000-00-00 00:00:00', NULL),
(219, '3300000000', '3327000000', '         PEMALANG', '0000-00-00 00:00:00', NULL, '0000-00-00 00:00:00', NULL),
(220, '3300000000', '3328000000', '         TEGAL', '0000-00-00 00:00:00', NULL, '0000-00-00 00:00:00', NULL),
(221, '3300000000', '3329000000', '         BREBES', '0000-00-00 00:00:00', NULL, '0000-00-00 00:00:00', NULL),
(222, '3300000000', '3371000000', '         MAGELANG', '0000-00-00 00:00:00', NULL, '0000-00-00 00:00:00', NULL),
(223, '3300000000', '3372000000', '         SURAKARTA', '0000-00-00 00:00:00', NULL, '0000-00-00 00:00:00', NULL),
(224, '3300000000', '3373000000', '         SALATIGA', '0000-00-00 00:00:00', NULL, '0000-00-00 00:00:00', NULL),
(225, '3300000000', '3374000000', '         SEMARANG', '0000-00-00 00:00:00', NULL, '0000-00-00 00:00:00', NULL),
(226, '3300000000', '3375000000', '         PEKALONGAN', '0000-00-00 00:00:00', NULL, '0000-00-00 00:00:00', NULL),
(227, '3300000000', '3376000000', '         TEGAL', '0000-00-00 00:00:00', NULL, '0000-00-00 00:00:00', NULL),
(228, '3400000000', '3401000000', '         KULON PROGO', '0000-00-00 00:00:00', NULL, '0000-00-00 00:00:00', NULL),
(229, '3400000000', '3402000000', '         BANTUL', '0000-00-00 00:00:00', NULL, '0000-00-00 00:00:00', NULL),
(230, '3400000000', '3403000000', '         GUNUNG KIDUL', '0000-00-00 00:00:00', NULL, '0000-00-00 00:00:00', NULL),
(231, '3400000000', '3404000000', '         SLEMAN', '0000-00-00 00:00:00', NULL, '0000-00-00 00:00:00', NULL),
(232, '3400000000', '3471000000', '         YOGYAKARTA', '0000-00-00 00:00:00', NULL, '0000-00-00 00:00:00', NULL),
(233, '3500000000', '3501000000', '         PACITAN', '0000-00-00 00:00:00', NULL, '0000-00-00 00:00:00', NULL),
(234, '3500000000', '3502000000', '         PONOROGO', '0000-00-00 00:00:00', NULL, '0000-00-00 00:00:00', NULL),
(235, '3500000000', '3503000000', '         TRENGGALEK', '0000-00-00 00:00:00', NULL, '0000-00-00 00:00:00', NULL),
(236, '3500000000', '3504000000', '         TULUNGAGUNG', '0000-00-00 00:00:00', NULL, '0000-00-00 00:00:00', NULL),
(237, '3500000000', '3505000000', '         BLITAR', '0000-00-00 00:00:00', NULL, '0000-00-00 00:00:00', NULL),
(238, '3500000000', '3506000000', '         KEDIRI', '0000-00-00 00:00:00', NULL, '0000-00-00 00:00:00', NULL),
(239, '3500000000', '3507000000', '         MALANG', '0000-00-00 00:00:00', NULL, '0000-00-00 00:00:00', NULL),
(240, '3500000000', '3508000000', '         LUMAJANG', '0000-00-00 00:00:00', NULL, '0000-00-00 00:00:00', NULL),
(241, '3500000000', '3509000000', '         JEMBER', '0000-00-00 00:00:00', NULL, '0000-00-00 00:00:00', NULL),
(242, '3500000000', '3510000000', '         BANYUWANGI', '0000-00-00 00:00:00', NULL, '0000-00-00 00:00:00', NULL),
(243, '3500000000', '3511000000', '         BONDOWOSO', '0000-00-00 00:00:00', NULL, '0000-00-00 00:00:00', NULL),
(244, '3500000000', '3512000000', '         SITUBONDO', '0000-00-00 00:00:00', NULL, '0000-00-00 00:00:00', NULL),
(245, '3500000000', '3513000000', '         PROBOLINGGO', '0000-00-00 00:00:00', NULL, '0000-00-00 00:00:00', NULL),
(246, '3500000000', '3514000000', '         PASURUAN', '0000-00-00 00:00:00', NULL, '0000-00-00 00:00:00', NULL),
(247, '3500000000', '3515000000', '         SIDOARJO', '0000-00-00 00:00:00', NULL, '0000-00-00 00:00:00', NULL),
(248, '3500000000', '3516000000', '         MOJOKERTO', '0000-00-00 00:00:00', NULL, '0000-00-00 00:00:00', NULL),
(249, '3500000000', '3517000000', '         JOMBANG', '0000-00-00 00:00:00', NULL, '0000-00-00 00:00:00', NULL),
(250, '3500000000', '3518000000', '         NGANJUK', '0000-00-00 00:00:00', NULL, '0000-00-00 00:00:00', NULL),
(251, '3500000000', '3519000000', '         MADIUN', '0000-00-00 00:00:00', NULL, '0000-00-00 00:00:00', NULL),
(252, '3500000000', '3520000000', '         MAGETAN', '0000-00-00 00:00:00', NULL, '0000-00-00 00:00:00', NULL),
(253, '3500000000', '3521000001', '         NGAWI', '0000-00-00 00:00:00', NULL, '0000-00-00 00:00:00', NULL),
(254, '3500000000', '3522000000', '         BOJONEGORO', '0000-00-00 00:00:00', NULL, '0000-00-00 00:00:00', NULL),
(255, '3500000000', '3523000000', '         TUBAN', '0000-00-00 00:00:00', NULL, '0000-00-00 00:00:00', NULL),
(256, '3500000000', '3524000000', '         LAMONGAN', '0000-00-00 00:00:00', NULL, '0000-00-00 00:00:00', NULL),
(257, '3500000000', '3525000000', '         GRESIK', '0000-00-00 00:00:00', NULL, '0000-00-00 00:00:00', NULL),
(258, '3500000000', '3526000000', '         BANGKALAN', '0000-00-00 00:00:00', NULL, '0000-00-00 00:00:00', NULL),
(259, '3500000000', '3527000000', '         SAMPANG', '0000-00-00 00:00:00', NULL, '0000-00-00 00:00:00', NULL),
(260, '3500000000', '3528000000', '         PAMEKASAN', '0000-00-00 00:00:00', NULL, '0000-00-00 00:00:00', NULL),
(261, '3500000000', '3529000000', '         SUMENEP', '0000-00-00 00:00:00', NULL, '0000-00-00 00:00:00', NULL),
(262, '3500000000', '3571000000', '         KEDIRI', '0000-00-00 00:00:00', NULL, '0000-00-00 00:00:00', NULL),
(263, '3500000000', '3572000000', '         BLITAR', '0000-00-00 00:00:00', NULL, '0000-00-00 00:00:00', NULL),
(264, '3500000000', '3573000000', '         MALANG', '0000-00-00 00:00:00', NULL, '0000-00-00 00:00:00', NULL),
(265, '3500000000', '3574000000', '         PROBOLINGGO', '0000-00-00 00:00:00', NULL, '0000-00-00 00:00:00', NULL),
(266, '3500000000', '3576000000', '         MOJOKERTO', '0000-00-00 00:00:00', NULL, '0000-00-00 00:00:00', NULL),
(267, '3500000000', '3577000000', '         MADIUN', '0000-00-00 00:00:00', NULL, '0000-00-00 00:00:00', NULL),
(268, '3500000000', '3578000004', '         SURABAYA', '0000-00-00 00:00:00', NULL, '0000-00-00 00:00:00', NULL),
(269, '3500000000', '3579000000', '         BATU', '0000-00-00 00:00:00', NULL, '0000-00-00 00:00:00', NULL),
(270, '3500000000', '3580000009', '         PASURUAN', '0000-00-00 00:00:00', NULL, '0000-00-00 00:00:00', NULL),
(271, '3600000000', '3601000000', '         PANDEGLANG', '0000-00-00 00:00:00', NULL, '0000-00-00 00:00:00', NULL),
(272, '3600000000', '3602000000', '         LEBAK', '0000-00-00 00:00:00', NULL, '0000-00-00 00:00:00', NULL),
(273, '3600000000', '3603000000', '         TANGERANG', '0000-00-00 00:00:00', NULL, '0000-00-00 00:00:00', NULL),
(274, '3600000000', '3604000000', '         SERANG', '0000-00-00 00:00:00', NULL, '0000-00-00 00:00:00', NULL),
(275, '3600000000', '3671000000', '         TANGERANG', '0000-00-00 00:00:00', NULL, '0000-00-00 00:00:00', NULL),
(276, '3600000000', '3672000000', '         CILEGON', '0000-00-00 00:00:00', NULL, '0000-00-00 00:00:00', NULL),
(277, '3600000000', '3673000000', '         KOTA SERANG', '0000-00-00 00:00:00', NULL, '0000-00-00 00:00:00', NULL),
(278, '3600000000', '3674000000', '         KOTA TANGERANG S', '0000-00-00 00:00:00', NULL, '0000-00-00 00:00:00', NULL),
(279, '5100000000', '5101000000', '         JEMBRANA', '0000-00-00 00:00:00', NULL, '0000-00-00 00:00:00', NULL),
(280, '5100000000', '5102000000', '         TABANAN', '0000-00-00 00:00:00', NULL, '0000-00-00 00:00:00', NULL),
(281, '5100000000', '5103000000', '         BADUNG', '0000-00-00 00:00:00', NULL, '0000-00-00 00:00:00', NULL),
(282, '5100000000', '5104000000', '         GIANYAR', '0000-00-00 00:00:00', NULL, '0000-00-00 00:00:00', NULL),
(283, '5100000000', '5105000000', '         KLUNGKUNG', '0000-00-00 00:00:00', NULL, '0000-00-00 00:00:00', NULL),
(284, '5100000000', '5106000000', '         BANGLI', '0000-00-00 00:00:00', NULL, '0000-00-00 00:00:00', NULL),
(285, '5100000000', '5107000000', '         KARANGASEM', '0000-00-00 00:00:00', NULL, '0000-00-00 00:00:00', NULL),
(286, '5100000000', '5108000000', '         BULELENG', '0000-00-00 00:00:00', NULL, '0000-00-00 00:00:00', NULL),
(287, '5100000000', '5171000000', '         DENPASAR', '0000-00-00 00:00:00', NULL, '0000-00-00 00:00:00', NULL),
(288, '5200000000', '5201000000', '         LOMBOK BARAT', '0000-00-00 00:00:00', NULL, '0000-00-00 00:00:00', NULL),
(289, '5200000000', '5202000000', '         LOMBOK TENGAH', '0000-00-00 00:00:00', NULL, '0000-00-00 00:00:00', NULL),
(290, '5200000000', '5203000000', '         LOMBOK TIMUR', '0000-00-00 00:00:00', NULL, '0000-00-00 00:00:00', NULL),
(291, '5200000000', '5204000000', '         SUMBAWA', '0000-00-00 00:00:00', NULL, '0000-00-00 00:00:00', NULL),
(292, '5200000000', '5205000000', '         DOMPU', '0000-00-00 00:00:00', NULL, '0000-00-00 00:00:00', NULL),
(293, '5200000000', '5206000000', '         BIMA', '0000-00-00 00:00:00', NULL, '0000-00-00 00:00:00', NULL),
(294, '5200000000', '5207000000', '         SUMBAWA BARAT', '0000-00-00 00:00:00', NULL, '0000-00-00 00:00:00', NULL),
(295, '5200000000', '5208000000', '         LOMBOK UTARA', '0000-00-00 00:00:00', NULL, '0000-00-00 00:00:00', NULL),
(296, '5200000000', '5271000000', '         MATARAM', '0000-00-00 00:00:00', NULL, '0000-00-00 00:00:00', NULL),
(297, '5200000000', '5272000000', '         BIMA', '0000-00-00 00:00:00', NULL, '0000-00-00 00:00:00', NULL),
(298, '5300000000', '5301000000', '         SUMBA BARAT', '0000-00-00 00:00:00', NULL, '0000-00-00 00:00:00', NULL),
(299, '5300000000', '5302000000', '         SUMBA TIMUR', '0000-00-00 00:00:00', NULL, '0000-00-00 00:00:00', NULL),
(300, '5300000000', '5303000000', '         KUPANG', '0000-00-00 00:00:00', NULL, '0000-00-00 00:00:00', NULL),
(301, '5300000000', '5304000000', '         TIMOR TENGAH SEL', '0000-00-00 00:00:00', NULL, '0000-00-00 00:00:00', NULL),
(302, '5300000000', '5305000000', '         TIMOR TENGAH UTA', '0000-00-00 00:00:00', NULL, '0000-00-00 00:00:00', NULL),
(303, '5300000000', '5306000000', '         BELU', '0000-00-00 00:00:00', NULL, '0000-00-00 00:00:00', NULL),
(304, '5300000000', '5307000000', '         ALOR', '0000-00-00 00:00:00', NULL, '0000-00-00 00:00:00', NULL),
(305, '5300000000', '5308000000', '         FLORES TIMUR', '0000-00-00 00:00:00', NULL, '0000-00-00 00:00:00', NULL),
(306, '5300000000', '5309000000', '         SIKKA', '0000-00-00 00:00:00', NULL, '0000-00-00 00:00:00', NULL),
(307, '5300000000', '5310000000', '         ENDE', '0000-00-00 00:00:00', NULL, '0000-00-00 00:00:00', NULL),
(308, '5300000000', '5311000000', '         NGADA', '0000-00-00 00:00:00', NULL, '0000-00-00 00:00:00', NULL),
(309, '5300000000', '5312000000', '         MANGGARAI', '0000-00-00 00:00:00', NULL, '0000-00-00 00:00:00', NULL),
(310, '5300000000', '5313000000', '         LEMBATA', '0000-00-00 00:00:00', NULL, '0000-00-00 00:00:00', NULL),
(311, '5300000000', '5314000000', '         ROTE NDAO', '0000-00-00 00:00:00', NULL, '0000-00-00 00:00:00', NULL),
(312, '5300000000', '5315000000', '         MANGGARAI BARAT', '0000-00-00 00:00:00', NULL, '0000-00-00 00:00:00', NULL),
(313, '5300000000', '5316000000', '         MANGGARAI TIMUR', '0000-00-00 00:00:00', NULL, '0000-00-00 00:00:00', NULL),
(314, '5300000000', '5317000000', '         SUMBA BARAT DAYA', '0000-00-00 00:00:00', NULL, '0000-00-00 00:00:00', NULL),
(315, '5300000000', '5318000000', '         NAGEKEO', '0000-00-00 00:00:00', NULL, '0000-00-00 00:00:00', NULL),
(316, '5300000000', '5319000000', '         SUMBA TENGAH', '0000-00-00 00:00:00', NULL, '0000-00-00 00:00:00', NULL),
(317, '5300000000', '5320000000', '         SABU RAIJUA', '0000-00-00 00:00:00', NULL, '0000-00-00 00:00:00', NULL),
(318, '5300000000', '5321000000', '         MALAKA', '0000-00-00 00:00:00', NULL, '0000-00-00 00:00:00', NULL),
(319, '5300000000', '5322000000', '         LIQUICA', '0000-00-00 00:00:00', NULL, '0000-00-00 00:00:00', NULL),
(320, '5300000000', '5323000000', '         MANATUTO', '0000-00-00 00:00:00', NULL, '0000-00-00 00:00:00', NULL),
(321, '5300000000', '5371000000', '         KUPANG', '0000-00-00 00:00:00', NULL, '0000-00-00 00:00:00', NULL),
(322, '6100000000', '6101000000', '         SAMBAS', '0000-00-00 00:00:00', NULL, '0000-00-00 00:00:00', NULL),
(323, '6100000000', '6102000000', '         MEMPAWAH', '0000-00-00 00:00:00', NULL, '0000-00-00 00:00:00', NULL),
(324, '6100000000', '6103000000', '         SANGGAU', '0000-00-00 00:00:00', NULL, '0000-00-00 00:00:00', NULL),
(325, '6100000000', '6104000000', '         KETAPANG', '0000-00-00 00:00:00', NULL, '0000-00-00 00:00:00', NULL),
(326, '6100000000', '6105000000', '         SINTANG', '0000-00-00 00:00:00', NULL, '0000-00-00 00:00:00', NULL),
(327, '6100000000', '6106000000', '         KAPUAS HULU', '0000-00-00 00:00:00', NULL, '0000-00-00 00:00:00', NULL),
(328, '6100000000', '6107000000', '         BENGKAYANG', '0000-00-00 00:00:00', NULL, '0000-00-00 00:00:00', NULL),
(329, '6100000000', '6108000000', '         LANDAK', '0000-00-00 00:00:00', NULL, '0000-00-00 00:00:00', NULL),
(330, '6100000000', '6109000000', '         MELAWI', '0000-00-00 00:00:00', NULL, '0000-00-00 00:00:00', NULL),
(331, '6100000000', '6110000000', '         SEKADAU', '0000-00-00 00:00:00', NULL, '0000-00-00 00:00:00', NULL),
(332, '6100000000', '6111000000', '         KAYONG UTARA', '0000-00-00 00:00:00', NULL, '0000-00-00 00:00:00', NULL),
(333, '6100000000', '6112000000', '         KUBU RAYA', '0000-00-00 00:00:00', NULL, '0000-00-00 00:00:00', NULL),
(334, '6100000000', '6171000000', '         PONTIANAK', '0000-00-00 00:00:00', NULL, '0000-00-00 00:00:00', NULL),
(335, '6100000000', '6172000000', '         SINGKAWANG', '0000-00-00 00:00:00', NULL, '0000-00-00 00:00:00', NULL),
(336, '6200000000', '6201000000', '         KOTAWARINGIN BAR', '0000-00-00 00:00:00', NULL, '0000-00-00 00:00:00', NULL),
(337, '6200000000', '6202000000', '         KOTAWARINGIN TIM', '0000-00-00 00:00:00', NULL, '0000-00-00 00:00:00', NULL),
(338, '6200000000', '6203000000', '         KAPUAS', '0000-00-00 00:00:00', NULL, '0000-00-00 00:00:00', NULL),
(339, '6200000000', '6204000000', '         BARITO SELATAN', '0000-00-00 00:00:00', NULL, '0000-00-00 00:00:00', NULL),
(340, '6200000000', '6205000000', '         BARITO UTARA', '0000-00-00 00:00:00', NULL, '0000-00-00 00:00:00', NULL),
(341, '6200000000', '6206000000', '         BARITO TIMUR', '0000-00-00 00:00:00', NULL, '0000-00-00 00:00:00', NULL),
(342, '6200000000', '6207000000', '         SUKAMARA', '0000-00-00 00:00:00', NULL, '0000-00-00 00:00:00', NULL),
(343, '6200000000', '6208000000', '         LAMANDAU', '0000-00-00 00:00:00', NULL, '0000-00-00 00:00:00', NULL),
(344, '6200000000', '6209000000', '         SERUYAN', '0000-00-00 00:00:00', NULL, '0000-00-00 00:00:00', NULL),
(345, '6200000000', '6210000000', '         KATINGAN', '0000-00-00 00:00:00', NULL, '0000-00-00 00:00:00', NULL),
(346, '6200000000', '6211000000', '         PULANG PISAU', '0000-00-00 00:00:00', NULL, '0000-00-00 00:00:00', NULL),
(347, '6200000000', '6212000000', '         GUNUNG MAS', '0000-00-00 00:00:00', NULL, '0000-00-00 00:00:00', NULL),
(348, '6200000000', '6213000000', '         MURUNG RAYA', '0000-00-00 00:00:00', NULL, '0000-00-00 00:00:00', NULL),
(349, '6200000000', '6271000000', '         PALANGKA RAYA', '0000-00-00 00:00:00', NULL, '0000-00-00 00:00:00', NULL),
(350, '6300000000', '6301000000', '         TANAH LAUT', '0000-00-00 00:00:00', NULL, '0000-00-00 00:00:00', NULL),
(351, '6300000000', '6302000000', '         KOTABARU', '0000-00-00 00:00:00', NULL, '0000-00-00 00:00:00', NULL),
(352, '6300000000', '6303000000', '         BANJAR', '0000-00-00 00:00:00', NULL, '0000-00-00 00:00:00', NULL),
(353, '6300000000', '6304000000', '         BARITO KUALA', '0000-00-00 00:00:00', NULL, '0000-00-00 00:00:00', NULL),
(354, '6300000000', '6305000000', '         TAPIN', '0000-00-00 00:00:00', NULL, '0000-00-00 00:00:00', NULL),
(355, '6300000000', '6306000000', '         HULU SUNGAI SELA', '0000-00-00 00:00:00', NULL, '0000-00-00 00:00:00', NULL),
(356, '6300000000', '6307000000', '         HULU SUNGAI TENG', '0000-00-00 00:00:00', NULL, '0000-00-00 00:00:00', NULL),
(357, '6300000000', '6308000000', '         HULU SUNGAI UTAR', '0000-00-00 00:00:00', NULL, '0000-00-00 00:00:00', NULL),
(358, '6300000000', '6309000000', '         TABALONG', '0000-00-00 00:00:00', NULL, '0000-00-00 00:00:00', NULL),
(359, '6300000000', '6310000000', '         TANAH BUMBU', '0000-00-00 00:00:00', NULL, '0000-00-00 00:00:00', NULL),
(360, '6300000000', '6311000000', '         BALANGAN', '0000-00-00 00:00:00', NULL, '0000-00-00 00:00:00', NULL),
(361, '6300000000', '6371000000', '         BANJARMASIN', '0000-00-00 00:00:00', NULL, '0000-00-00 00:00:00', NULL),
(362, '6300000000', '6372000000', '         BANJARBARU', '0000-00-00 00:00:00', NULL, '0000-00-00 00:00:00', NULL),
(363, '6400000000', '6401000000', '         PASER', '0000-00-00 00:00:00', NULL, '0000-00-00 00:00:00', NULL),
(364, '6400000000', '6402000000', '         KUTAI KARTANEGAR', '0000-00-00 00:00:00', NULL, '0000-00-00 00:00:00', NULL),
(365, '6400000000', '6403000000', '         BERAU', '0000-00-00 00:00:00', NULL, '0000-00-00 00:00:00', NULL),
(366, '6400000000', '6406000000', '         KUTAI BARAT', '0000-00-00 00:00:00', NULL, '0000-00-00 00:00:00', NULL),
(367, '6400000000', '6407000000', '         KUTAI TIMUR', '0000-00-00 00:00:00', NULL, '0000-00-00 00:00:00', NULL),
(368, '6400000000', '6409000000', '         PENAJAM PASER UT', '0000-00-00 00:00:00', NULL, '0000-00-00 00:00:00', NULL),
(369, '6400000000', '6411000000', '         MAHAKAM ULU', '0000-00-00 00:00:00', NULL, '0000-00-00 00:00:00', NULL),
(370, '6400000000', '6412000001', '         LINGGA', '0000-00-00 00:00:00', NULL, '0000-00-00 00:00:00', NULL),
(371, '6400000000', '6471000000', '         BALIKPAPAN', '0000-00-00 00:00:00', NULL, '0000-00-00 00:00:00', NULL),
(372, '6400000000', '6472000000', '         SAMARINDA', '0000-00-00 00:00:00', NULL, '0000-00-00 00:00:00', NULL),
(373, '6400000000', '6474000000', '         BONTANG', '0000-00-00 00:00:00', NULL, '0000-00-00 00:00:00', NULL),
(374, '6400000000', '6475000001', '         JOGJAKARTA', '0000-00-00 00:00:00', NULL, '0000-00-00 00:00:00', NULL),
(375, '6500000000', '6501000000', '         BULUNGAN', '0000-00-00 00:00:00', NULL, '0000-00-00 00:00:00', NULL),
(376, '6500000000', '6502000000', '         NUNUKAN', '0000-00-00 00:00:00', NULL, '0000-00-00 00:00:00', NULL),
(377, '6500000000', '6503000000', '         MALINAU', '0000-00-00 00:00:00', NULL, '0000-00-00 00:00:00', NULL),
(378, '6500000000', '6504000000', '         TANA TIDUNG', '0000-00-00 00:00:00', NULL, '0000-00-00 00:00:00', NULL),
(379, '6500000000', '6571000000', '         TARAKAN', '0000-00-00 00:00:00', NULL, '0000-00-00 00:00:00', NULL),
(380, '7100000000', '7101000000', '         BOLAANG MONGONDO', '0000-00-00 00:00:00', NULL, '0000-00-00 00:00:00', NULL),
(381, '7100000000', '7102000000', '         MINAHASA', '0000-00-00 00:00:00', NULL, '0000-00-00 00:00:00', NULL),
(382, '7100000000', '7103000000', '         KEPULAUAN SANGIH', '0000-00-00 00:00:00', NULL, '0000-00-00 00:00:00', NULL),
(383, '7100000000', '7104000000', '         KEPULAUAN TALAUD', '0000-00-00 00:00:00', NULL, '0000-00-00 00:00:00', NULL),
(384, '7100000000', '7105000000', '         MINAHASA SELATAN', '0000-00-00 00:00:00', NULL, '0000-00-00 00:00:00', NULL),
(385, '7100000000', '7106000000', '         MINAHASA UTARA', '0000-00-00 00:00:00', NULL, '0000-00-00 00:00:00', NULL),
(386, '7100000000', '7107000000', '         BOLAANG MONGONDO', '0000-00-00 00:00:00', NULL, '0000-00-00 00:00:00', NULL),
(387, '7100000000', '7108000000', '         MINAHASA TENGGAR', '0000-00-00 00:00:00', NULL, '0000-00-00 00:00:00', NULL),
(388, '7100000000', '7109000000', '         BOLAANG MONGONDO', '0000-00-00 00:00:00', NULL, '0000-00-00 00:00:00', NULL),
(389, '7100000000', '7110000000', '         BOLAANG MONGONDO', '0000-00-00 00:00:00', NULL, '0000-00-00 00:00:00', NULL),
(390, '7100000000', '7111000000', '         SIAU TAGULANDANG', '0000-00-00 00:00:00', NULL, '0000-00-00 00:00:00', NULL),
(391, '7100000000', '7171000000', '         MANADO', '0000-00-00 00:00:00', NULL, '0000-00-00 00:00:00', NULL),
(392, '7100000000', '7172000000', '         BITUNG', '0000-00-00 00:00:00', NULL, '0000-00-00 00:00:00', NULL),
(393, '7100000000', '7173000000', '         TOMOHON', '0000-00-00 00:00:00', NULL, '0000-00-00 00:00:00', NULL),
(394, '7100000000', '7174000000', '         KOTAMOBAGU', '0000-00-00 00:00:00', NULL, '0000-00-00 00:00:00', NULL),
(395, '7200000000', '7201000000', '         BANGGAI', '0000-00-00 00:00:00', NULL, '0000-00-00 00:00:00', NULL),
(396, '7200000000', '7202000000', '         POSO', '0000-00-00 00:00:00', NULL, '0000-00-00 00:00:00', NULL),
(397, '7200000000', '7203000000', '         DONGGALA', '0000-00-00 00:00:00', NULL, '0000-00-00 00:00:00', NULL),
(398, '7200000000', '7204000000', '         TOLITOLI', '0000-00-00 00:00:00', NULL, '0000-00-00 00:00:00', NULL),
(399, '7200000000', '7205000000', '         BUOL', '0000-00-00 00:00:00', NULL, '0000-00-00 00:00:00', NULL),
(400, '7200000000', '7206000000', '         MOROWALI', '0000-00-00 00:00:00', NULL, '0000-00-00 00:00:00', NULL),
(401, '7200000000', '7207000000', '         BANGGAI KEPULAUA', '0000-00-00 00:00:00', NULL, '0000-00-00 00:00:00', NULL),
(402, '7200000000', '7208000000', '         PARIGI MOUTONG', '0000-00-00 00:00:00', NULL, '0000-00-00 00:00:00', NULL),
(403, '7200000000', '7209000000', '         TOJO UNA-UNA', '0000-00-00 00:00:00', NULL, '0000-00-00 00:00:00', NULL),
(404, '7200000000', '7210000000', '         SIGI', '0000-00-00 00:00:00', NULL, '0000-00-00 00:00:00', NULL),
(405, '7200000000', '7211000000', '         BANGGAI LAUT', '0000-00-00 00:00:00', NULL, '0000-00-00 00:00:00', NULL),
(406, '7200000000', '7212000000', '         MOROWALI UTARA', '0000-00-00 00:00:00', NULL, '0000-00-00 00:00:00', NULL),
(407, '7200000000', '7271000000', '         PALU', '0000-00-00 00:00:00', NULL, '0000-00-00 00:00:00', NULL),
(408, '7300000000', '7300000001', '         WATANSOPPENG', '0000-00-00 00:00:00', NULL, '0000-00-00 00:00:00', NULL),
(409, '7300000000', '7300000002', '         UJUNG PANDANG', '0000-00-00 00:00:00', NULL, '0000-00-00 00:00:00', NULL),
(410, '7300000000', '7301000000', '         KEPULAUAN SELAYA', '0000-00-00 00:00:00', NULL, '0000-00-00 00:00:00', NULL),
(411, '7300000000', '7302000000', '         BULUKUMBA', '0000-00-00 00:00:00', NULL, '0000-00-00 00:00:00', NULL),
(412, '7300000000', '7303000000', '         BANTAENG', '0000-00-00 00:00:00', NULL, '0000-00-00 00:00:00', NULL),
(413, '7300000000', '7304000000', '         JENEPONTO', '0000-00-00 00:00:00', NULL, '0000-00-00 00:00:00', NULL),
(414, '7300000000', '7305000000', '         TAKALAR', '0000-00-00 00:00:00', NULL, '0000-00-00 00:00:00', NULL),
(415, '7300000000', '7306000000', '         GOWA', '0000-00-00 00:00:00', NULL, '0000-00-00 00:00:00', NULL),
(416, '7300000000', '7307000000', '         SINJAI', '0000-00-00 00:00:00', NULL, '0000-00-00 00:00:00', NULL),
(417, '7300000000', '7308000000', '         MAROS', '0000-00-00 00:00:00', NULL, '0000-00-00 00:00:00', NULL),
(418, '7300000000', '7309000000', '         PANGKAJENE KEPUL', '0000-00-00 00:00:00', NULL, '0000-00-00 00:00:00', NULL),
(419, '7300000000', '7310000000', '         BARRU', '0000-00-00 00:00:00', NULL, '0000-00-00 00:00:00', NULL),
(420, '7300000000', '7311000000', '         BONE', '0000-00-00 00:00:00', NULL, '0000-00-00 00:00:00', NULL),
(421, '7300000000', '7312000000', '         SOPPENG', '0000-00-00 00:00:00', NULL, '0000-00-00 00:00:00', NULL),
(422, '7300000000', '7313000000', '         WAJO', '0000-00-00 00:00:00', NULL, '0000-00-00 00:00:00', NULL),
(423, '7300000000', '7314000000', '         SIDENRENG RAPPAN', '0000-00-00 00:00:00', NULL, '0000-00-00 00:00:00', NULL),
(424, '7300000000', '7315000000', '         PINRANG', '0000-00-00 00:00:00', NULL, '0000-00-00 00:00:00', NULL),
(425, '7300000000', '7316000000', '         ENREKANG', '0000-00-00 00:00:00', NULL, '0000-00-00 00:00:00', NULL),
(426, '7300000000', '7317000000', '         LUWU', '0000-00-00 00:00:00', NULL, '0000-00-00 00:00:00', NULL),
(427, '7300000000', '7318000000', '         TORAJA', '0000-00-00 00:00:00', NULL, '0000-00-00 00:00:00', NULL),
(428, '7300000000', '7322000000', '         LUWU UTARA', '0000-00-00 00:00:00', NULL, '0000-00-00 00:00:00', NULL),
(429, '7300000000', '7325000000', '         LUWU TIMUR', '0000-00-00 00:00:00', NULL, '0000-00-00 00:00:00', NULL),
(430, '7300000000', '7326000000', '         TORAJA UTARA', '0000-00-00 00:00:00', NULL, '0000-00-00 00:00:00', NULL),
(431, '7300000000', '7327000000', '         KEPULAUAN SELAYA', '0000-00-00 00:00:00', NULL, '0000-00-00 00:00:00', NULL),
(432, '7300000000', '7328000001', '         SOLOK SELATAN', '0000-00-00 00:00:00', NULL, '0000-00-00 00:00:00', NULL),
(433, '7300000000', '7329000000', '         UJUNG PANDANG', '0000-00-00 00:00:00', NULL, '0000-00-00 00:00:00', NULL),
(434, '7300000000', '7371000000', '         MAKASSAR', '0000-00-00 00:00:00', NULL, '0000-00-00 00:00:00', NULL),
(435, '7300000000', '7372000000', '         PAREPARE', '0000-00-00 00:00:00', NULL, '0000-00-00 00:00:00', NULL),
(436, '7300000000', '7373000000', '         PALOPO', '0000-00-00 00:00:00', NULL, '0000-00-00 00:00:00', NULL),
(437, '7300000000', '7374000000', '         TANA TORAJA', '0000-00-00 00:00:00', NULL, '0000-00-00 00:00:00', NULL),
(438, '7400000000', '7401000000', '         BUTON', '0000-00-00 00:00:00', NULL, '0000-00-00 00:00:00', NULL),
(439, '7400000000', '7402000000', '         MUNA', '0000-00-00 00:00:00', NULL, '0000-00-00 00:00:00', NULL),
(440, '7400000000', '7403000000', '         KONAWE', '0000-00-00 00:00:00', NULL, '0000-00-00 00:00:00', NULL);
INSERT INTO `districts` (`id`, `kode_propinsi`, `kode_kabupaten`, `nama_kabupaten`, `created_at`, `created_by`, `updated_at`, `updated_by`) VALUES
(441, '7400000000', '7404000000', '         KOLAKA', '0000-00-00 00:00:00', NULL, '0000-00-00 00:00:00', NULL),
(442, '7400000000', '7405000000', '         KONAWE SELATAN', '0000-00-00 00:00:00', NULL, '0000-00-00 00:00:00', NULL),
(443, '7400000000', '7406000000', '         KOLAKA UTARA', '0000-00-00 00:00:00', NULL, '0000-00-00 00:00:00', NULL),
(444, '7400000000', '7407000000', '         BOMBANA', '0000-00-00 00:00:00', NULL, '0000-00-00 00:00:00', NULL),
(445, '7400000000', '7408000000', '         WAKATOBI ', '0000-00-00 00:00:00', NULL, '0000-00-00 00:00:00', NULL),
(446, '7400000000', '7409000000', '         KOLAKA TIMUR', '0000-00-00 00:00:00', NULL, '0000-00-00 00:00:00', NULL),
(447, '7400000000', '7410000000', '         BUTON UTARA', '0000-00-00 00:00:00', NULL, '0000-00-00 00:00:00', NULL),
(448, '7400000000', '7411000000', '         KONAWE UTARA', '0000-00-00 00:00:00', NULL, '0000-00-00 00:00:00', NULL),
(449, '7400000000', '7412000000', '         KONAWE', '0000-00-00 00:00:00', NULL, '0000-00-00 00:00:00', NULL),
(450, '7400000000', '7413000000', '         KONAWE KEPULAUAN', '0000-00-00 00:00:00', NULL, '0000-00-00 00:00:00', NULL),
(451, '7400000000', '7414000000', '         BUTON SELATAN', '0000-00-00 00:00:00', NULL, '0000-00-00 00:00:00', NULL),
(452, '7400000000', '7415000000', '         BUTON TENGAH', '0000-00-00 00:00:00', NULL, '0000-00-00 00:00:00', NULL),
(453, '7400000000', '7416000000', '         MUNA BARAT', '0000-00-00 00:00:00', NULL, '0000-00-00 00:00:00', NULL),
(454, '7400000000', '7471000000', '         KENDARI', '0000-00-00 00:00:00', NULL, '0000-00-00 00:00:00', NULL),
(455, '7400000000', '7472000000', '         BAUBAU', '0000-00-00 00:00:00', NULL, '0000-00-00 00:00:00', NULL),
(456, '7500000000', '7501000000', '         BOALEMO', '0000-00-00 00:00:00', NULL, '0000-00-00 00:00:00', NULL),
(457, '7500000000', '7502000000', '         GORONTALO', '0000-00-00 00:00:00', NULL, '0000-00-00 00:00:00', NULL),
(458, '7500000000', '7503000000', '         POHUWATO', '0000-00-00 00:00:00', NULL, '0000-00-00 00:00:00', NULL),
(459, '7500000000', '7504000000', '         BONE BOLANGO', '0000-00-00 00:00:00', NULL, '0000-00-00 00:00:00', NULL),
(460, '7500000000', '7505000000', '         GORONTALO UTARA', '0000-00-00 00:00:00', NULL, '0000-00-00 00:00:00', NULL),
(461, '7500000000', '7571000000', '         GORONTALO', '0000-00-00 00:00:00', NULL, '0000-00-00 00:00:00', NULL),
(462, '7600000000', '7601000000', '         MAMUJU UTARA', '0000-00-00 00:00:00', NULL, '0000-00-00 00:00:00', NULL),
(463, '7600000000', '7602000000', '         MAMUJU', '0000-00-00 00:00:00', NULL, '0000-00-00 00:00:00', NULL),
(464, '7600000000', '7603000000', '         MAMASA', '0000-00-00 00:00:00', NULL, '0000-00-00 00:00:00', NULL),
(465, '7600000000', '7604000000', '         POLEWALI MANDAR', '0000-00-00 00:00:00', NULL, '0000-00-00 00:00:00', NULL),
(466, '7600000000', '7605000000', '         MAJENE', '0000-00-00 00:00:00', NULL, '0000-00-00 00:00:00', NULL),
(467, '7600000000', '7606000000', '         POLEWALI MAMASA', '0000-00-00 00:00:00', NULL, '0000-00-00 00:00:00', NULL),
(468, '7600000000', '7607000000', '         MAMUJU TENGAH', '0000-00-00 00:00:00', NULL, '0000-00-00 00:00:00', NULL),
(469, '8100000000', '8101000000', '         MALUKU TENGGARA', '0000-00-00 00:00:00', NULL, '0000-00-00 00:00:00', NULL),
(470, '8100000000', '8102000000', '         MALUKU TENGAH', '0000-00-00 00:00:00', NULL, '0000-00-00 00:00:00', NULL),
(471, '8100000000', '8103000000', '         BURU', '0000-00-00 00:00:00', NULL, '0000-00-00 00:00:00', NULL),
(472, '8100000000', '8104000000', '         MALUKU TENGGARA ', '0000-00-00 00:00:00', NULL, '0000-00-00 00:00:00', NULL),
(473, '8100000000', '8105000000', '         KEPULAUAN ARU', '0000-00-00 00:00:00', NULL, '0000-00-00 00:00:00', NULL),
(474, '8100000000', '8106000000', '         SERAM BAGIAN BAR', '0000-00-00 00:00:00', NULL, '0000-00-00 00:00:00', NULL),
(475, '8100000000', '8107000000', '         SERAM BAGIAN TIM', '0000-00-00 00:00:00', NULL, '0000-00-00 00:00:00', NULL),
(476, '8100000000', '8108000000', '         MALUKU BARAT DAY', '0000-00-00 00:00:00', NULL, '0000-00-00 00:00:00', NULL),
(477, '8100000000', '8109000000', '         BURU SELATAN', '0000-00-00 00:00:00', NULL, '0000-00-00 00:00:00', NULL),
(478, '8100000000', '8171000000', '         AMBON', '0000-00-00 00:00:00', NULL, '0000-00-00 00:00:00', NULL),
(479, '8100000000', '8172000000', '         TUAL', '0000-00-00 00:00:00', NULL, '0000-00-00 00:00:00', NULL),
(480, '8200000000', '8201000000', '         MERAUKE', '0000-00-00 00:00:00', NULL, '0000-00-00 00:00:00', NULL),
(481, '8200000000', '8202000000', '         JAYAWIJAYA', '0000-00-00 00:00:00', NULL, '0000-00-00 00:00:00', NULL),
(482, '8200000000', '8203000000', '         JAYAPURA', '0000-00-00 00:00:00', NULL, '0000-00-00 00:00:00', NULL),
(483, '8200000000', '8204000000', '         NABIRE', '0000-00-00 00:00:00', NULL, '0000-00-00 00:00:00', NULL),
(484, '8200000000', '8208000000', '         KEPULAUAN YAPEN', '0000-00-00 00:00:00', NULL, '0000-00-00 00:00:00', NULL),
(485, '8200000000', '8209000000', '         BIAK NUMFOR', '0000-00-00 00:00:00', NULL, '0000-00-00 00:00:00', NULL),
(486, '8200000000', '8210000000', '         PANIAI', '0000-00-00 00:00:00', NULL, '0000-00-00 00:00:00', NULL),
(487, '8200000000', '8211000000', '         PUNCAK JAYA', '0000-00-00 00:00:00', NULL, '0000-00-00 00:00:00', NULL),
(488, '8200000000', '8212000000', '         MIMIKA', '0000-00-00 00:00:00', NULL, '0000-00-00 00:00:00', NULL),
(489, '8200000000', '8213000000', '         BOVEN DIGOEL', '0000-00-00 00:00:00', NULL, '0000-00-00 00:00:00', NULL),
(490, '8200000000', '8214000000', '         MAPPI', '0000-00-00 00:00:00', NULL, '0000-00-00 00:00:00', NULL),
(491, '8200000000', '8215000000', '         ASMAT', '0000-00-00 00:00:00', NULL, '0000-00-00 00:00:00', NULL),
(492, '8200000000', '8216000000', '         YAHUKIMO', '0000-00-00 00:00:00', NULL, '0000-00-00 00:00:00', NULL),
(493, '8200000000', '8217000000', '         PEGUNUNGAN BINTA', '0000-00-00 00:00:00', NULL, '0000-00-00 00:00:00', NULL),
(494, '8200000000', '8218000000', '         TOLIKARA', '0000-00-00 00:00:00', NULL, '0000-00-00 00:00:00', NULL),
(495, '8200000000', '8219000000', '         SARMI', '0000-00-00 00:00:00', NULL, '0000-00-00 00:00:00', NULL),
(496, '8200000000', '8220000000', '         KEEROM', '0000-00-00 00:00:00', NULL, '0000-00-00 00:00:00', NULL),
(497, '8200000000', '8226000000', '         WAROPEN', '0000-00-00 00:00:00', NULL, '0000-00-00 00:00:00', NULL),
(498, '8200000000', '8227000000', '         SUPIORI', '0000-00-00 00:00:00', NULL, '0000-00-00 00:00:00', NULL),
(499, '8200000000', '8228000000', '         MAMBERAMO RAYA', '0000-00-00 00:00:00', NULL, '0000-00-00 00:00:00', NULL),
(500, '8200000000', '8229000000', '         INTAN JAYA', '0000-00-00 00:00:00', NULL, '0000-00-00 00:00:00', NULL),
(501, '8200000000', '8230000000', '         DEIYAI', '0000-00-00 00:00:00', NULL, '0000-00-00 00:00:00', NULL),
(502, '8200000000', '8231000000', '         MAMBERAMO TENGAH', '0000-00-00 00:00:00', NULL, '0000-00-00 00:00:00', NULL),
(503, '8200000000', '8232000000', '         NDUGA', '0000-00-00 00:00:00', NULL, '0000-00-00 00:00:00', NULL),
(504, '8200000000', '8233000000', '         DOGIYAI', '0000-00-00 00:00:00', NULL, '0000-00-00 00:00:00', NULL),
(505, '8200000000', '8234000000', '         LANNY JAYA', '0000-00-00 00:00:00', NULL, '0000-00-00 00:00:00', NULL),
(506, '8200000000', '8235000000', '         PUNCAK', '0000-00-00 00:00:00', NULL, '0000-00-00 00:00:00', NULL),
(507, '8200000000', '8236000000', '         YALIMO', '0000-00-00 00:00:00', NULL, '0000-00-00 00:00:00', NULL),
(508, '8200000000', '8271000000', '         JAYAPURA', '0000-00-00 00:00:00', NULL, '0000-00-00 00:00:00', NULL),
(509, '8300000000', '8301000000', '         HALMAHERA BARAT', '0000-00-00 00:00:00', NULL, '0000-00-00 00:00:00', NULL),
(510, '8300000000', '8302000000', '         HALMAHERA TENGAH', '0000-00-00 00:00:00', NULL, '0000-00-00 00:00:00', NULL),
(511, '8300000000', '8303000000', '         KEPULAUAN SULA', '0000-00-00 00:00:00', NULL, '0000-00-00 00:00:00', NULL),
(512, '8300000000', '8304000000', '         HALMAHERA SELATA', '0000-00-00 00:00:00', NULL, '0000-00-00 00:00:00', NULL),
(513, '8300000000', '8305000000', '         HALMAHERA UTARA', '0000-00-00 00:00:00', NULL, '0000-00-00 00:00:00', NULL),
(514, '8300000000', '8306000000', '         HALMAHERA TIMUR', '0000-00-00 00:00:00', NULL, '0000-00-00 00:00:00', NULL),
(515, '8300000000', '8307000000', '         PULAU MOROTAI', '0000-00-00 00:00:00', NULL, '0000-00-00 00:00:00', NULL),
(516, '8300000000', '8308000000', '         PULAU TALIABU', '0000-00-00 00:00:00', NULL, '0000-00-00 00:00:00', NULL),
(517, '8300000000', '8371000000', '         TERNATE', '0000-00-00 00:00:00', NULL, '0000-00-00 00:00:00', NULL),
(518, '8300000000', '8372000000', '         TIDORE KEPULAUAN', '0000-00-00 00:00:00', NULL, '0000-00-00 00:00:00', NULL),
(519, '8400000000', '8401000000', '         SORONG', '0000-00-00 00:00:00', NULL, '0000-00-00 00:00:00', NULL),
(520, '8400000000', '8402000000', '         SORONG SELATAN', '0000-00-00 00:00:00', NULL, '0000-00-00 00:00:00', NULL),
(521, '8400000000', '8403000000', '         RAJA AMPAT', '0000-00-00 00:00:00', NULL, '0000-00-00 00:00:00', NULL),
(522, '8400000000', '8404000000', '         MANOKWARI', '0000-00-00 00:00:00', NULL, '0000-00-00 00:00:00', NULL),
(523, '8400000000', '8405000000', '         TELUK BINTUNI', '0000-00-00 00:00:00', NULL, '0000-00-00 00:00:00', NULL),
(524, '8400000000', '8406000000', '         TELUK WONDAMA', '0000-00-00 00:00:00', NULL, '0000-00-00 00:00:00', NULL),
(525, '8400000000', '8407000000', '         FAK-FAK', '0000-00-00 00:00:00', NULL, '0000-00-00 00:00:00', NULL),
(526, '8400000000', '8408000000', '         KAIMANA', '0000-00-00 00:00:00', NULL, '0000-00-00 00:00:00', NULL),
(527, '8400000000', '8409000000', '         MAYBRAT', '0000-00-00 00:00:00', NULL, '0000-00-00 00:00:00', NULL),
(528, '8400000000', '8410000000', '         TAMBRAUW', '0000-00-00 00:00:00', NULL, '0000-00-00 00:00:00', NULL),
(529, '8400000000', '8411000000', '         PEGUNUNGAN ARFAK', '0000-00-00 00:00:00', NULL, '0000-00-00 00:00:00', NULL),
(530, '8400000000', '8412000000', '         MANOKWARI SELATA', '0000-00-00 00:00:00', NULL, '0000-00-00 00:00:00', NULL),
(531, '8400000000', '8471000000', '         SORONG', '0000-00-00 00:00:00', NULL, '0000-00-00 00:00:00', NULL),
(532, '8400000000', '8500000232', '         SOLO', '0000-00-00 00:00:00', NULL, '0000-00-00 00:00:00', NULL),
(533, '8400000000', '8500000341', '         KARIMUN', '0000-00-00 00:00:00', NULL, '0000-00-00 00:00:00', NULL),
(534, '8400000000', '8577777777', '         PURWOKERTO', '0000-00-00 00:00:00', NULL, '0000-00-00 00:00:00', NULL),
(535, '8400000000', '8599999999', '         SINGARAJA', '0000-00-00 00:00:00', NULL, '0000-00-00 00:00:00', NULL);

-- --------------------------------------------------------

--
-- Table structure for table `modules`
--

CREATE TABLE `modules` (
  `id` int(11) NOT NULL,
  `name` varchar(225) NOT NULL,
  `display_name` varchar(225) NOT NULL,
  `description` text NOT NULL,
  `img` varchar(225) NOT NULL,
  `created_at` timestamp NULL DEFAULT CURRENT_TIMESTAMP,
  `updated_at` timestamp NOT NULL DEFAULT '0000-00-00 00:00:00'
) ENGINE=InnoDB DEFAULT CHARSET=latin1;

--
-- Dumping data for table `modules`
--

INSERT INTO `modules` (`id`, `name`, `display_name`, `description`, `img`, `created_at`, `updated_at`) VALUES
(1, 'Dashboard', 'Dashboard', 'Menampilkan summary aplikasi', 'icon icon-pie-chart', '2017-02-23 04:47:52', '0000-00-00 00:00:00'),
(2, 'Administrator', 'Administrator', 'Melakukan proses input master', 'icon icon-suitcase', '2017-02-23 04:47:52', '0000-00-00 00:00:00'),
(3, 'AnalisisKebutuhan', 'Analisis Kebutuhan', 'Melakukan proses input data analisis kebutuhan', 'icon icon-question-circle', '2017-02-23 04:51:38', '0000-00-00 00:00:00'),
(4, 'Pengadaan', 'Pengadaan', 'Melakukan proses input data pengadaan', 'icon icon-life-ring', '2017-02-23 04:51:38', '0000-00-00 00:00:00'),
(5, 'Penyimpanan', 'Penyimpanan dan Penerimaaan', 'Melakukan proses input gudang', 'icon icon-arrow-down', '2017-02-23 08:26:44', '0000-00-00 00:00:00'),
(6, 'Distribusi', 'Distribusi', 'Melakukan proses input distribusi barang', 'icon icon-arrow-up', '2017-02-23 08:26:44', '0000-00-00 00:00:00'),
(7, 'MutasiStok', 'Mutasi Stok', 'Melakukan  proses input mutasi stok', 'icon icon-random', '2017-02-23 08:28:12', '0000-00-00 00:00:00'),
(9, 'Settings', 'Pengaturan', 'Melakukan pengaturan user dan aplikasi', 'icon icon-users', '2017-03-07 04:35:19', '0000-00-00 00:00:00');

-- --------------------------------------------------------

--
-- Table structure for table `module_permissions`
--

CREATE TABLE `module_permissions` (
  `id` int(11) NOT NULL,
  `role_id` int(11) NOT NULL,
  `module_id` int(11) NOT NULL,
  `allow` tinyint(1) NOT NULL,
  `created_at` timestamp NULL DEFAULT NULL,
  `updated_at` timestamp NULL DEFAULT NULL
) ENGINE=InnoDB DEFAULT CHARSET=latin1;

--
-- Dumping data for table `module_permissions`
--

INSERT INTO `module_permissions` (`id`, `role_id`, `module_id`, `allow`, `created_at`, `updated_at`) VALUES
(1, 1, 1, 1, '2017-02-24 00:06:35', '2017-02-24 00:06:35'),
(2, 1, 2, 1, '2017-02-24 00:06:35', '2017-02-24 00:06:35'),
(3, 1, 3, 1, '2017-02-24 00:06:35', '2017-02-24 00:06:35'),
(4, 1, 4, 1, '2017-02-24 00:06:35', '2017-02-24 00:22:38'),
(5, 1, 5, 1, '2017-02-24 00:06:35', '2017-02-24 00:06:35'),
(6, 1, 6, 1, '2017-02-24 00:06:35', '2017-02-24 00:06:35'),
(7, 1, 7, 1, '2017-02-24 00:06:35', '2017-02-24 00:06:35'),
(8, 1, 8, 1, '2017-02-24 00:06:35', '2017-02-24 00:06:35'),
(9, 1, 9, 1, NULL, NULL),
(10, 2, 1, 1, '2017-06-13 19:40:36', '2017-06-13 19:40:36'),
(11, 2, 2, 0, '2017-06-13 19:40:36', '2017-06-13 19:40:36'),
(12, 2, 3, 0, '2017-06-13 19:40:36', '2017-06-13 19:40:36'),
(13, 2, 4, 0, '2017-06-13 19:40:36', '2017-06-13 19:40:36'),
(14, 2, 5, 0, '2017-06-13 19:40:36', '2017-06-13 19:40:36'),
(15, 2, 6, 0, '2017-06-13 19:40:36', '2017-06-13 19:40:36'),
(16, 2, 7, 0, '2017-06-13 19:40:36', '2017-06-13 19:40:36'),
(17, 2, 8, 0, '2017-06-13 19:40:36', '2017-06-13 19:40:36'),
(18, 2, 9, 0, '2017-06-13 19:40:36', '2017-06-13 19:40:36');

-- --------------------------------------------------------

--
-- Table structure for table `provinces`
--

CREATE TABLE `provinces` (
  `id` int(11) UNSIGNED NOT NULL,
  `kode_propinsi` varchar(15) COLLATE utf8mb4_unicode_ci NOT NULL,
  `nama_propinsi` varchar(25) COLLATE utf8mb4_unicode_ci NOT NULL,
  `created_at` datetime NOT NULL DEFAULT '0000-00-00 00:00:00',
  `created_by` int(11) DEFAULT NULL,
  `updated_at` datetime NOT NULL DEFAULT '0000-00-00 00:00:00',
  `updated_by` int(11) DEFAULT NULL
) ENGINE=InnoDB DEFAULT CHARSET=utf8mb4 COLLATE=utf8mb4_unicode_ci;

--
-- Dumping data for table `provinces`
--

INSERT INTO `provinces` (`id`, `kode_propinsi`, `nama_propinsi`, `created_at`, `created_by`, `updated_at`, `updated_by`) VALUES
(1, '1100000000', 'ACEH', '0000-00-00 00:00:00', 0, '2017-09-18 17:06:24', 0),
(2, '1200000000', '    SUMATERA UTARA', '0000-00-00 00:00:00', 0, '0000-00-00 00:00:00', 0),
(3, '1300000000', '    SUMATERA BARAT', '0000-00-00 00:00:00', 0, '0000-00-00 00:00:00', 0),
(4, '1400000000', '    RIAU', '0000-00-00 00:00:00', 0, '0000-00-00 00:00:00', 0),
(5, '1500000000', '    JAMBI', '0000-00-00 00:00:00', 0, '0000-00-00 00:00:00', 0),
(6, '1600000000', '    SUMATERA SELATAN', '0000-00-00 00:00:00', 0, '0000-00-00 00:00:00', 0),
(7, '1700000000', '    BENGKULU', '0000-00-00 00:00:00', 0, '0000-00-00 00:00:00', 0),
(8, '1800000000', '    LAMPUNG', '0000-00-00 00:00:00', 0, '0000-00-00 00:00:00', 0),
(9, '1900000000', '    KEPULAUAN BANGKA BELI', '0000-00-00 00:00:00', 0, '0000-00-00 00:00:00', 0),
(10, '2000000000', '    KEPULAUAN RIAU', '0000-00-00 00:00:00', 0, '0000-00-00 00:00:00', 0),
(11, '3100000000', '   DKI  JAKARTA', '0000-00-00 00:00:00', 0, '0000-00-00 00:00:00', 0),
(12, '3200000000', '    JAWA BARAT', '0000-00-00 00:00:00', 0, '0000-00-00 00:00:00', 0),
(13, '3300000000', '    JAWA TENGAH', '0000-00-00 00:00:00', 0, '0000-00-00 00:00:00', 0),
(14, '3400000000', '    D I YOGYAKARTA', '0000-00-00 00:00:00', 0, '0000-00-00 00:00:00', 0),
(15, '3500000000', '    JAWA TIMUR', '0000-00-00 00:00:00', 0, '0000-00-00 00:00:00', 0),
(16, '3600000000', '    BANTEN', '0000-00-00 00:00:00', 0, '0000-00-00 00:00:00', 0),
(17, '5100000000', '    BALI', '0000-00-00 00:00:00', 0, '0000-00-00 00:00:00', 0),
(18, '5200000000', '    NUSA TENGGARA BARAT', '0000-00-00 00:00:00', 0, '0000-00-00 00:00:00', 0),
(19, '5300000000', '    NUSA TENGGARA TIMUR', '0000-00-00 00:00:00', 0, '0000-00-00 00:00:00', 0),
(20, '6100000000', '    KALIMANTAN BARAT', '0000-00-00 00:00:00', 0, '0000-00-00 00:00:00', 0),
(21, '6200000000', '    KALIMANTAN TENGAH', '0000-00-00 00:00:00', 0, '0000-00-00 00:00:00', 0),
(22, '6300000000', '    KALIMANTAN SELATAN', '0000-00-00 00:00:00', 0, '0000-00-00 00:00:00', 0),
(23, '6400000000', '    KALIMANTAN TIMUR', '0000-00-00 00:00:00', 0, '0000-00-00 00:00:00', 0),
(24, '6500000000', '    KALIMANTAN UTARA', '0000-00-00 00:00:00', 0, '0000-00-00 00:00:00', 0),
(25, '7100000000', '    SULAWESI UTARA', '0000-00-00 00:00:00', 0, '0000-00-00 00:00:00', 0),
(26, '7200000000', '    SULAWESI TENGAH', '0000-00-00 00:00:00', 0, '0000-00-00 00:00:00', 0),
(27, '7300000000', '    SULAWESI SELATAN', '0000-00-00 00:00:00', 0, '0000-00-00 00:00:00', 0),
(28, '7400000000', '    SULAWESI TENGGARA', '0000-00-00 00:00:00', 0, '0000-00-00 00:00:00', 0),
(29, '7500000000', '    GORONTALO', '0000-00-00 00:00:00', 0, '0000-00-00 00:00:00', 0),
(30, '7600000000', '    SULAWESI BARAT', '0000-00-00 00:00:00', 0, '0000-00-00 00:00:00', 0),
(31, '8100000000', '    MALUKU', '0000-00-00 00:00:00', 0, '0000-00-00 00:00:00', 0),
(32, '8200000000', '    PAPUA', '0000-00-00 00:00:00', 0, '0000-00-00 00:00:00', 0),
(33, '8300000000', '    MALUKU UTARA', '0000-00-00 00:00:00', 0, '0000-00-00 00:00:00', 0),
(34, '8400000000', '    PAPUA BARAT', '0000-00-00 00:00:00', 0, '0000-00-00 00:00:00', 0);

-- --------------------------------------------------------

--
-- Table structure for table `rf_adjustment_stok`
--

CREATE TABLE `rf_adjustment_stok` (
  `id` int(11) NOT NULL,
  `kode_paket` varchar(50) NOT NULL,
  `penerimaan` int(11) NOT NULL,
  `pengeluaran` int(11) NOT NULL,
  `saldo` int(11) NOT NULL,
  `stock_fisik` int(11) NOT NULL,
  `selisih` int(11) NOT NULL,
  `adjustment` int(11) NOT NULL,
  `created_at` date NOT NULL DEFAULT '0000-00-00',
  `created_by` int(11) DEFAULT NULL,
  `updated_at` date DEFAULT NULL,
  `updated_by` int(11) DEFAULT NULL
) ENGINE=InnoDB DEFAULT CHARSET=latin1;

-- --------------------------------------------------------

--
-- Table structure for table `rf_asal_perolehan`
--

CREATE TABLE `rf_asal_perolehan` (
  `id` int(11) NOT NULL,
  `nama_asal_perolehan` varchar(255) NOT NULL,
  `unsur` enum('MASYARAKAT','PEMERINTAH','DUNIA USAHA') NOT NULL,
  `created_at` datetime NOT NULL DEFAULT '0000-00-00 00:00:00',
  `created_by` int(11) DEFAULT NULL,
  `updated_at` datetime DEFAULT NULL,
  `updated_by` int(11) DEFAULT NULL
) ENGINE=InnoDB DEFAULT CHARSET=latin1;

--
-- Dumping data for table `rf_asal_perolehan`
--

INSERT INTO `rf_asal_perolehan` (`id`, `nama_asal_perolehan`, `unsur`, `created_at`, `created_by`, `updated_at`, `updated_by`) VALUES
(0, 'as', 'PEMERINTAH', '2017-10-22 11:43:59', NULL, '2017-10-22 11:45:50', NULL);

-- --------------------------------------------------------

--
-- Table structure for table `rf_darurat`
--

CREATE TABLE `rf_darurat` (
  `id` int(11) NOT NULL,
  `bagian` varchar(255) DEFAULT NULL,
  `kajian` varchar(255) DEFAULT NULL,
  `nomer_dokumen` varchar(255) DEFAULT NULL,
  `attachment_file` varchar(255) DEFAULT NULL,
  `created_at` datetime NOT NULL DEFAULT '0000-00-00 00:00:00' ON UPDATE CURRENT_TIMESTAMP,
  `created_by` int(11) DEFAULT NULL,
  `updated_at` datetime DEFAULT NULL ON UPDATE CURRENT_TIMESTAMP,
  `updated_by` int(11) DEFAULT NULL
) ENGINE=InnoDB DEFAULT CHARSET=latin1;

-- --------------------------------------------------------

--
-- Table structure for table `rf_detail_kontrak`
--

CREATE TABLE `rf_detail_kontrak` (
  `id` int(11) NOT NULL,
  `rf_kontrak_id` int(11) NOT NULL,
  `kode_paket` varchar(225) NOT NULL,
  `qty` int(11) NOT NULL,
  `created_at` datetime NOT NULL DEFAULT '0000-00-00 00:00:00',
  `created_by` int(11) DEFAULT NULL,
  `updated_at` datetime DEFAULT NULL,
  `updated_by` int(11) DEFAULT NULL
) ENGINE=InnoDB DEFAULT CHARSET=latin1;

--
-- Dumping data for table `rf_detail_kontrak`
--

INSERT INTO `rf_detail_kontrak` (`id`, `rf_kontrak_id`, `kode_paket`, `qty`, `created_at`, `created_by`, `updated_at`, `updated_by`) VALUES
(4, 3, '1010501008000741', 10, '2017-10-20 13:58:24', NULL, '2017-10-20 13:58:24', NULL),
(5, 3, '1010501008000740', 10, '2017-10-20 13:58:24', NULL, '2017-10-20 13:58:24', NULL);

-- --------------------------------------------------------

--
-- Table structure for table `rf_gudang`
--

CREATE TABLE `rf_gudang` (
  `id` int(11) NOT NULL,
  `nama_gudang` varchar(255) DEFAULT NULL,
  `kode_propinsi` varchar(15) NOT NULL,
  `kode_kabupaten` varchar(15) NOT NULL,
  `alamat` text,
  `email` varchar(100) DEFAULT NULL,
  `telepon` varchar(100) DEFAULT NULL,
  `pic` varchar(255) DEFAULT NULL,
  `latitude` varchar(255) DEFAULT NULL,
  `longitude` varchar(255) DEFAULT NULL,
  `created_at` datetime NOT NULL DEFAULT '0000-00-00 00:00:00' ON UPDATE CURRENT_TIMESTAMP,
  `created_by` int(11) DEFAULT NULL,
  `updated_at` datetime NOT NULL DEFAULT '0000-00-00 00:00:00' ON UPDATE CURRENT_TIMESTAMP,
  `updated_by` int(11) DEFAULT NULL
) ENGINE=InnoDB DEFAULT CHARSET=latin1;

--
-- Dumping data for table `rf_gudang`
--

INSERT INTO `rf_gudang` (`id`, `nama_gudang`, `kode_propinsi`, `kode_kabupaten`, `alamat`, `email`, `telepon`, `pic`, `latitude`, `longitude`, `created_at`, `created_by`, `updated_at`, `updated_by`) VALUES
(18, 'Gudang-1', '1700000000', '1701000000', 'JL. Bengkulu', 'Bengkulu@gmail.com', '08787302980', 'Bani', '09099.12312', '090913.12132', '2017-09-15 15:59:53', NULL, '2017-09-15 08:59:53', NULL),
(19, 'Gudang-2', '1400000000', '1403000003', 'JL. Kampar baru', 'gudang-2@gmail.com', '0877786808', 'Gunawan', 'hjhjkhasd.sjdjas9', 'jojias.3242', '2017-09-28 14:25:41', NULL, '2017-09-28 14:25:41', NULL);

-- --------------------------------------------------------

--
-- Table structure for table `rf_jenis_bencana`
--

CREATE TABLE `rf_jenis_bencana` (
  `id` int(11) NOT NULL,
  `kd_bencana` varchar(255) DEFAULT NULL,
  `ur_bencana` varchar(255) DEFAULT NULL,
  `created_at` datetime NOT NULL DEFAULT '0000-00-00 00:00:00' ON UPDATE CURRENT_TIMESTAMP,
  `created_by` int(11) DEFAULT NULL,
  `updated_at` datetime DEFAULT NULL ON UPDATE CURRENT_TIMESTAMP,
  `modified_by` int(11) DEFAULT NULL
) ENGINE=InnoDB DEFAULT CHARSET=latin1;

--
-- Dumping data for table `rf_jenis_bencana`
--

INSERT INTO `rf_jenis_bencana` (`id`, `kd_bencana`, `ur_bencana`, `created_at`, `created_by`, `updated_at`, `modified_by`) VALUES
(9, 'B-004', 'Gunung Meletus', '2017-08-29 09:45:12', NULL, '2017-08-29 02:45:12', NULL),
(11, 'B-001', 'Tsunami', '2017-08-29 09:44:20', NULL, '2017-08-29 02:44:20', NULL),
(13, 'B-002', 'Gempa Bumi', '2017-08-29 09:43:59', NULL, '2017-08-29 02:43:59', NULL),
(14, 'B-003', 'Banjir Bandang', '2017-08-29 09:43:46', NULL, '2017-08-29 02:43:46', NULL),
(15, 'B-005', 'Badai', '2017-09-03 09:46:41', NULL, '2017-09-03 09:46:41', NULL);

-- --------------------------------------------------------

--
-- Table structure for table `rf_kelompok_barang`
--

CREATE TABLE `rf_kelompok_barang` (
  `id` int(11) NOT NULL,
  `ur_kelompok_barang` varchar(255) NOT NULL,
  `created_at` datetime NOT NULL DEFAULT '0000-00-00 00:00:00',
  `created_by` int(11) DEFAULT NULL,
  `updated_at` datetime DEFAULT NULL,
  `updated_by` int(11) DEFAULT NULL
) ENGINE=InnoDB DEFAULT CHARSET=latin1;

--
-- Dumping data for table `rf_kelompok_barang`
--

INSERT INTO `rf_kelompok_barang` (`id`, `ur_kelompok_barang`, `created_at`, `created_by`, `updated_at`, `updated_by`) VALUES
(1, 'Sandang', '2017-10-16 16:35:57', NULL, '2017-10-16 16:36:56', NULL),
(15, 'Pangan', '2017-10-16 16:37:44', NULL, '2017-10-16 16:37:44', NULL),
(16, 'Papan', '2017-10-16 16:37:58', NULL, '2017-10-16 16:38:10', NULL);

-- --------------------------------------------------------

--
-- Table structure for table `rf_kontrak`
--

CREATE TABLE `rf_kontrak` (
  `id` int(11) NOT NULL,
  `vendor` int(11) DEFAULT NULL,
  `nomor_kontrak` varchar(255) DEFAULT NULL,
  `nama_pekerjaan` varchar(255) DEFAULT NULL,
  `jangka_waktu` varchar(255) NOT NULL,
  `tanggal_kontrak` date DEFAULT NULL,
  `nilai_kontrak` varchar(255) DEFAULT NULL,
  `attachment_file` varchar(255) DEFAULT NULL,
  `created_at` datetime NOT NULL DEFAULT '0000-00-00 00:00:00' ON UPDATE CURRENT_TIMESTAMP,
  `created_by` int(11) DEFAULT NULL,
  `updated_at` datetime DEFAULT NULL ON UPDATE CURRENT_TIMESTAMP,
  `updated_by` int(11) DEFAULT NULL
) ENGINE=InnoDB DEFAULT CHARSET=latin1;

--
-- Dumping data for table `rf_kontrak`
--

INSERT INTO `rf_kontrak` (`id`, `vendor`, `nomor_kontrak`, `nama_pekerjaan`, `jangka_waktu`, `tanggal_kontrak`, `nilai_kontrak`, `attachment_file`, `created_at`, `created_by`, `updated_at`, `updated_by`) VALUES
(3, 14, '0001', 'Swasta', '10jam', '2017-10-20', '1.000.000', 'team1.jpg', '2017-10-20 13:58:24', NULL, '2017-10-20 13:58:24', NULL);

-- --------------------------------------------------------

--
-- Table structure for table `rf_paket`
--

CREATE TABLE `rf_paket` (
  `id` int(11) NOT NULL,
  `nama_paket` varchar(255) DEFAULT NULL,
  `kode_paket` varchar(50) DEFAULT NULL,
  `isi_per_box` varchar(20) DEFAULT NULL,
  `rf_satuan_id` int(11) DEFAULT NULL,
  `berat` varchar(50) DEFAULT NULL,
  `berat_per_box` varchar(20) DEFAULT NULL,
  `volume` varchar(30) DEFAULT NULL,
  `panjang` varchar(20) DEFAULT NULL,
  `lebar` varchar(20) NOT NULL,
  `tinggi` varchar(20) NOT NULL,
  `rf_kelompok_barang_id` varchar(50) NOT NULL,
  `harga_total` varchar(25) NOT NULL,
  `created_at` datetime NOT NULL DEFAULT '0000-00-00 00:00:00',
  `created_by` int(11) DEFAULT NULL,
  `updated_at` datetime DEFAULT NULL,
  `updated_by` int(11) DEFAULT NULL
) ENGINE=InnoDB DEFAULT CHARSET=latin1;

--
-- Dumping data for table `rf_paket`
--

INSERT INTO `rf_paket` (`id`, `nama_paket`, `kode_paket`, `isi_per_box`, `rf_satuan_id`, `berat`, `berat_per_box`, `volume`, `panjang`, `lebar`, `tinggi`, `rf_kelompok_barang_id`, `harga_total`, `created_at`, `created_by`, `updated_at`, `updated_by`) VALUES
(1, 'Makanan Siap Saji', '1010501008000741', '12/Dus', 5, '1,40 kg', '17.6 Kg', '0,003', '25', '9', '12', 'Pangan', '', '0000-00-00 00:00:00', NULL, NULL, NULL),
(2, 'Lauk Pauk', '1010501008000740', '6/Dus', 5, '3,00 kg', '18.5 Kg', '0.006', '17', '16', '22', 'Pangan', '', '0000-00-00 00:00:00', NULL, NULL, NULL),
(3, 'Mak. Tambahan Gizi', '1010501008000742', '12/Dus', 5, '2,05 kg', '25.2 Kg', '0.004', '33', '9', '12', 'Pangan', '', '0000-00-00 00:00:00', NULL, NULL, NULL),
(4, 'Paket Laki-laki Dewasa', '1010501008000730-W', '25/Bal', 6, '2 kg', '47,20 kg', '0.007', '35', '14.5', '14.5', 'Sandang', '', '0000-00-00 00:00:00', NULL, NULL, NULL),
(5, 'Paket Perempuan Dewasa', '1010501008000730-M', '25/Bal', 6, '2 kg', '47,20 kg', '0.007', '35', '14.5', '14.5', 'Sandang', '', '0000-00-00 00:00:00', NULL, NULL, NULL),
(6, 'Paket Anak laki-laki', '1010501008000730-B', '25/Bal', 6, '2 kg', '47,20 kg', '0.007', '35', '14.5', '14.5', 'Sandang', '', '0000-00-00 00:00:00', NULL, NULL, NULL),
(7, 'Paket Anak Perempuan', '1010501008000730-G', '25/Bal', 6, '2 kg', '47,20 kg', '0.007', '35', '14.5', '14.5', 'Sandang', '', '0000-00-00 00:00:00', NULL, NULL, NULL),
(8, 'Pkt. Seragam SD Laki-laki', '1010501008000678', '', 5, '0.5', '', '0.002', '30', '23', '3', 'Sandang', '', '0000-00-00 00:00:00', NULL, NULL, NULL),
(9, 'Pkt. Seragam SD Perempuan', '1010501008000670', '', 5, '0.5', '', '0.002', '30', '23', '3', 'Sandang', '', '0000-00-00 00:00:00', NULL, NULL, NULL),
(10, 'Selimut', '1010501008000738', '40/Bal', 6, '0,6 kg', '22,60 kg', '0.005', '35', '30', '5', 'Sandang', '', '0000-00-00 00:00:00', NULL, NULL, NULL),
(11, 'Family Kit (Paket Perlengkapan Keluarga)', '1010501008000737', '-', 5, '5,1 kg', '-', '0.035', '45', '30', '26', 'Sandang', '', '0000-00-00 00:00:00', NULL, NULL, NULL),
(12, 'Kidsware (Paket Perlengkapan Balita)', '1010501008000736', '-', 5, '5,9 kg', '-', '0.021', '38', '24', '23', 'Sandang', '', '0000-00-00 00:00:00', NULL, NULL, NULL),
(13, 'Pkt Perlengkapan Sekolah', '1010501008000725', '25/bal', 5, '1,9 kg', '47,5 kg', '0.016', '35', '30', '15', 'Sandang', '', '0000-00-00 00:00:00', NULL, NULL, NULL),
(14, 'Tenda Gulung', '1010501008000739', '10/Bal', 6, '3,2 kg', '32,95 kg', '0.009', '70', '33', '4', 'Sandang', '', '0000-00-00 00:00:00', NULL, NULL, NULL),
(15, 'Kantong Mayat', '1010501008000316', '5/bal', 6, '2,18 Kg', '10,9 kg', '0.004', '42', '26', '4', 'Sandang', '', '0000-00-00 00:00:00', NULL, NULL, NULL),
(16, 'Tikar', '1010501008000732', '20/Bal', 6, '1,65 kg', '32,15 Kg', '0,01665 m3', '180 cm', '185 cm', '0.5 cm', 'Sandang', '', '0000-00-00 00:00:00', NULL, NULL, NULL),
(17, 'Paket Kesehatan Keluarga', '1010501008000486', '-', 5, '4,70 kg', '-', '0.087', '58', '41', '36.5', 'Logistik Lainnya', '', '0000-00-00 00:00:00', NULL, NULL, NULL),
(18, 'Peralatan Dapur Keluarga', '1010501008000746', '-', 5, '5,90 kg', '', '0.095', '61', '42', '37', 'Logistik Lainnya', '', '0000-00-00 00:00:00', NULL, NULL, NULL),
(19, 'Perlengkapan Makan', '1010501008000748', '-', 5, '3 kg', '-', '0.049', '49', '36', '28', 'Logistik Lainnya', '', '0000-00-00 00:00:00', NULL, NULL, NULL),
(20, 'Paket Rekreasional', '1010501008000749', '-', 5, '3,7 Kg', '-', '0.041', '46', '34', '26', 'Logistik Lainnya', '', '0000-00-00 00:00:00', NULL, NULL, NULL),
(21, 'Karung Pasir', '1010501008000747', '250/bal', 6, '0,10 kg', '25.70 Kg', '0.101', '98.5', '64', '16', 'Logistik Lainnya', '', '0000-00-00 00:00:00', NULL, NULL, NULL),
(22, 'Masker ', '1010501008000733', '40 Box ', 6, '0,004 kg', '10.40 Kg', '0,00018 m3', '', '', '', 'Logistik Lainnya', '', '0000-00-00 00:00:00', NULL, NULL, NULL),
(23, 'sajdklasj', 'asdjkaslj', '2', 6, '12', '12', '8', '2', '2', '2', 'asda', 'asda', '2017-10-16 14:21:59', NULL, '2017-10-16 14:21:59', NULL),
(24, 'asda', 'adsa', 'sad', 5, '1', 'asda', '1', '1', '1', '1', '1', '100', '2017-10-16 16:48:21', NULL, '2017-10-16 16:48:21', NULL),
(25, 'asd', 'asd1', 'asda', 5, 'asda1', 'dasd', '12', '1', '3', '4', '1', '2', '2017-10-16 16:53:51', NULL, '2017-10-16 16:53:51', NULL),
(26, 'asda', 'asda', 'sada', 5, 'sadas', 'sadsa', '1000', '10', '10', '10', '16', '1000001', '2017-10-16 17:06:59', NULL, '2017-10-16 17:07:58', NULL),
(27, 'dada', 'ssada', 'sad', 5, 'sada', 'sada', '1000', '10', '10', '10', '16', 'sada', '2017-10-18 11:20:16', NULL, '2017-10-18 11:20:16', NULL);

-- --------------------------------------------------------

--
-- Table structure for table `rf_pengiriman`
--

CREATE TABLE `rf_pengiriman` (
  `id` int(11) NOT NULL,
  `rf_permintaan_id` int(11) NOT NULL,
  `tanggal_kirim` date NOT NULL,
  `nomor_pengiriman` varchar(255) NOT NULL,
  `status` int(11) NOT NULL,
  `created_at` datetime NOT NULL DEFAULT '0000-00-00 00:00:00',
  `created_by` int(11) DEFAULT NULL,
  `updated_at` datetime DEFAULT NULL,
  `updated_by` int(11) DEFAULT NULL
) ENGINE=InnoDB DEFAULT CHARSET=latin1;

--
-- Dumping data for table `rf_pengiriman`
--

INSERT INTO `rf_pengiriman` (`id`, `rf_permintaan_id`, `tanggal_kirim`, `nomor_pengiriman`, `status`, `created_at`, `created_by`, `updated_at`, `updated_by`) VALUES
(1, 1, '2017-10-20', '0001', 0, '2017-10-20 14:46:29', NULL, '2017-10-20 14:46:29', NULL);

-- --------------------------------------------------------

--
-- Table structure for table `rf_pengiriman_detail`
--

CREATE TABLE `rf_pengiriman_detail` (
  `id` int(11) NOT NULL,
  `kode_paket` varchar(255) NOT NULL,
  `rf_pengiriman_id` int(11) NOT NULL,
  `rf_permintaan_detail_id` int(11) NOT NULL,
  `qty_kirim` int(11) NOT NULL,
  `created_at` datetime DEFAULT '0000-00-00 00:00:00',
  `created_by` int(11) DEFAULT NULL,
  `updated_at` datetime DEFAULT NULL,
  `updated_by` int(11) DEFAULT NULL
) ENGINE=InnoDB DEFAULT CHARSET=latin1;

--
-- Dumping data for table `rf_pengiriman_detail`
--

INSERT INTO `rf_pengiriman_detail` (`id`, `kode_paket`, `rf_pengiriman_id`, `rf_permintaan_detail_id`, `qty_kirim`, `created_at`, `created_by`, `updated_at`, `updated_by`) VALUES
(1, '1010501008000741', 1, 1, 10, '2017-10-20 14:46:30', NULL, '2017-10-20 14:46:30', NULL);

-- --------------------------------------------------------

--
-- Table structure for table `rf_penguatan`
--

CREATE TABLE `rf_penguatan` (
  `id` int(11) NOT NULL,
  `bagian` varchar(100) DEFAULT NULL,
  `kajian` varchar(100) DEFAULT NULL,
  `nomor_dokumen` varchar(100) DEFAULT NULL,
  `attachment_file` varchar(255) DEFAULT NULL,
  `created_at` datetime NOT NULL DEFAULT '0000-00-00 00:00:00' ON UPDATE CURRENT_TIMESTAMP,
  `created_by` int(11) DEFAULT NULL,
  `updated_at` datetime DEFAULT NULL ON UPDATE CURRENT_TIMESTAMP,
  `updated_by` int(11) DEFAULT NULL
) ENGINE=InnoDB DEFAULT CHARSET=latin1;

-- --------------------------------------------------------

--
-- Table structure for table `rf_permintaan`
--

CREATE TABLE `rf_permintaan` (
  `id` int(11) NOT NULL,
  `nama` varchar(255) DEFAULT NULL,
  `nomor_permintaan` varchar(255) DEFAULT NULL,
  `tanggal` varchar(255) DEFAULT NULL,
  `attachment_file` varchar(255) DEFAULT NULL,
  `keterangan` varchar(255) DEFAULT NULL,
  `status` int(11) NOT NULL,
  `created_at` datetime NOT NULL DEFAULT '0000-00-00 00:00:00' ON UPDATE CURRENT_TIMESTAMP,
  `created_by` int(11) DEFAULT NULL,
  `updated_at` datetime DEFAULT NULL ON UPDATE CURRENT_TIMESTAMP,
  `updated_by` int(11) DEFAULT NULL
) ENGINE=InnoDB DEFAULT CHARSET=latin1;

--
-- Dumping data for table `rf_permintaan`
--

INSERT INTO `rf_permintaan` (`id`, `nama`, `nomor_permintaan`, `tanggal`, `attachment_file`, `keterangan`, `status`, `created_at`, `created_by`, `updated_at`, `updated_by`) VALUES
(1, 'Permintaan-1', '0001', '2017-10-20', 'team1.jpg', 'Bagus', 0, '2017-10-20 14:46:03', NULL, '2017-10-20 14:46:03', NULL);

-- --------------------------------------------------------

--
-- Table structure for table `rf_permintaan_detail`
--

CREATE TABLE `rf_permintaan_detail` (
  `id` int(11) NOT NULL,
  `rf_permintaan_id` int(11) NOT NULL,
  `kode_paket` varchar(255) NOT NULL,
  `qty` int(11) NOT NULL,
  `created_at` datetime NOT NULL DEFAULT '0000-00-00 00:00:00',
  `created_by` int(11) DEFAULT NULL,
  `updated_at` datetime DEFAULT NULL,
  `updated_by` int(11) DEFAULT NULL
) ENGINE=InnoDB DEFAULT CHARSET=latin1;

--
-- Dumping data for table `rf_permintaan_detail`
--

INSERT INTO `rf_permintaan_detail` (`id`, `rf_permintaan_id`, `kode_paket`, `qty`, `created_at`, `created_by`, `updated_at`, `updated_by`) VALUES
(1, 1, '1010501008000741', 10, '2017-10-20 14:46:03', NULL, '2017-10-20 14:46:03', NULL);

-- --------------------------------------------------------

--
-- Table structure for table `rf_satuan`
--

CREATE TABLE `rf_satuan` (
  `id` int(11) NOT NULL,
  `ur_satuan` varchar(100) NOT NULL,
  `created_at` datetime NOT NULL DEFAULT '0000-00-00 00:00:00',
  `created_by` int(11) DEFAULT NULL,
  `updated_at` datetime DEFAULT NULL,
  `updated_by` int(11) DEFAULT NULL
) ENGINE=InnoDB DEFAULT CHARSET=latin1;

--
-- Dumping data for table `rf_satuan`
--

INSERT INTO `rf_satuan` (`id`, `ur_satuan`, `created_at`, `created_by`, `updated_at`, `updated_by`) VALUES
(5, 'Paket', '2017-09-26 13:32:39', NULL, '2017-09-26 13:32:39', NULL),
(6, 'Lembar', '2017-09-26 13:32:47', NULL, '2017-09-26 13:32:47', NULL);

-- --------------------------------------------------------

--
-- Table structure for table `rf_stock_opname`
--

CREATE TABLE `rf_stock_opname` (
  `id` int(11) NOT NULL,
  `kode_paket` varchar(50) NOT NULL,
  `saldo_awal` int(11) NOT NULL,
  `penerimaan` int(11) NOT NULL,
  `pengeluaran` int(11) NOT NULL,
  `stock_system` int(11) NOT NULL,
  `baik` int(11) NOT NULL,
  `kurang_baik` int(11) NOT NULL,
  `rusak` int(11) NOT NULL,
  `hilang` int(11) NOT NULL,
  `stock_fisik` int(11) NOT NULL,
  `selisih` int(11) NOT NULL,
  `status_adjusment` int(11) DEFAULT '0',
  `created_at` datetime NOT NULL DEFAULT '0000-00-00 00:00:00',
  `created_by` int(11) DEFAULT NULL,
  `updated_at` datetime DEFAULT NULL,
  `updated_by` int(11) DEFAULT NULL
) ENGINE=InnoDB DEFAULT CHARSET=latin1;

--
-- Dumping data for table `rf_stock_opname`
--

INSERT INTO `rf_stock_opname` (`id`, `kode_paket`, `saldo_awal`, `penerimaan`, `pengeluaran`, `stock_system`, `baik`, `kurang_baik`, `rusak`, `hilang`, `stock_fisik`, `selisih`, `status_adjusment`, `created_at`, `created_by`, `updated_at`, `updated_by`) VALUES
(1, '1010501008000741', 0, 10, 10, 0, 5, 5, 5, 5, 10, -10, 0, '2017-10-22 09:07:48', NULL, '2017-10-22 09:07:48', NULL),
(2, '1010501008000740', 0, 10, 0, 10, 2, 2, 2, 2, 4, 6, 0, '2017-10-22 09:12:21', NULL, '2017-10-22 09:12:21', NULL),
(3, '1010501008000741', 0, 10, 10, 0, 2, 2, 2, 2, 4, -4, 0, '2017-10-22 09:13:46', NULL, '2017-10-22 09:13:46', NULL);

-- --------------------------------------------------------

--
-- Table structure for table `rf_vendor`
--

CREATE TABLE `rf_vendor` (
  `id` int(11) NOT NULL,
  `nama_vendor` varchar(255) DEFAULT NULL,
  `kode_propinsi` varchar(15) DEFAULT NULL,
  `kode_kabupaten` varchar(15) DEFAULT NULL,
  `alamat` text,
  `telepon` varchar(100) DEFAULT NULL,
  `pic` varchar(255) DEFAULT NULL,
  `created_at` datetime DEFAULT NULL ON UPDATE CURRENT_TIMESTAMP,
  `created_by` int(11) DEFAULT NULL,
  `updated_at` datetime DEFAULT NULL ON UPDATE CURRENT_TIMESTAMP,
  `updated_by` int(11) DEFAULT NULL
) ENGINE=InnoDB DEFAULT CHARSET=latin1;

--
-- Dumping data for table `rf_vendor`
--

INSERT INTO `rf_vendor` (`id`, `nama_vendor`, `kode_propinsi`, `kode_kabupaten`, `alamat`, `telepon`, `pic`, `created_at`, `created_by`, `updated_at`, `updated_by`) VALUES
(14, 'Vendor-1', '1300000000', '1301000000', 'Bogor', '08787302980', 'asdda', '2017-09-17 23:24:04', NULL, '2017-09-17 16:24:04', NULL),
(17, 'Vendor-2', '1100000000', '1101000000', 'Bogor', '0889786979', 'Gunawan', '2017-09-27 15:08:34', NULL, '2017-09-27 15:08:34', NULL),
(20, 'Vendor-3', '2000000000', '2002000000', 'sadas', 'asd', 'as', '2017-09-27 15:08:52', NULL, '2017-09-27 15:08:52', NULL);

-- --------------------------------------------------------

--
-- Table structure for table `roles`
--

CREATE TABLE `roles` (
  `id` int(11) NOT NULL,
  `name` varchar(255) NOT NULL,
  `display_name` varchar(255) NOT NULL,
  `description` text,
  `created_at` timestamp NULL DEFAULT NULL,
  `updated_at` timestamp NULL DEFAULT NULL
) ENGINE=InnoDB DEFAULT CHARSET=latin1;

--
-- Dumping data for table `roles`
--

INSERT INTO `roles` (`id`, `name`, `display_name`, `description`, `created_at`, `updated_at`) VALUES
(1, 'admin', 'User Administrator', 'Administrator', '2017-02-22 17:00:00', '2017-02-22 17:00:00'),
(2, 'Umum', 'umum', 'umum', '2017-06-13 19:40:03', '2017-06-13 19:40:03');

-- --------------------------------------------------------

--
-- Table structure for table `sub_modules`
--

CREATE TABLE `sub_modules` (
  `id` int(11) NOT NULL,
  `module_id` int(11) NOT NULL,
  `sub_module_id` int(11) NOT NULL,
  `name` varchar(225) NOT NULL,
  `display_name` varchar(225) NOT NULL,
  `description` text NOT NULL,
  `icon` varchar(225) NOT NULL,
  `created_at` timestamp NULL DEFAULT CURRENT_TIMESTAMP,
  `updated_at` timestamp NOT NULL DEFAULT '0000-00-00 00:00:00'
) ENGINE=InnoDB DEFAULT CHARSET=latin1;

--
-- Dumping data for table `sub_modules`
--

INSERT INTO `sub_modules` (`id`, `module_id`, `sub_module_id`, `name`, `display_name`, `description`, `icon`, `created_at`, `updated_at`) VALUES
(2, 9, 0, 'Master Data', 'Master Data', '', 'icon icon-book', '2017-02-24 02:31:41', '0000-00-00 00:00:00'),
(3, 9, 2, 'roles', 'Group', '', 'icon icon-users', '2017-02-24 02:33:58', '0000-00-00 00:00:00'),
(4, 9, 2, 'users', 'Users', '', 'icon icon-group', '2017-02-24 02:33:58', '0000-00-00 00:00:00'),
(581, 2, 0, 'wilayah', 'Wilayah', '', 'icon icon-map', '2017-09-18 06:48:49', '0000-00-00 00:00:00'),
(582, 2, 581, 'propinsi', 'Propinsi', '', '', '2017-09-18 06:49:29', '0000-00-00 00:00:00'),
(583, 2, 581, 'kota', 'Kota/Kabupaten', '', '', '2017-09-18 06:49:40', '0000-00-00 00:00:00'),
(584, 2, 0, 'gudang', 'Gudang', '', 'icon icon-bank', '2017-09-18 06:50:19', '0000-00-00 00:00:00'),
(585, 2, 0, 'paket', 'Barang', '', 'icon icon-truck', '2017-09-18 15:15:12', '0000-00-00 00:00:00'),
(587, 2, 0, 'bencana', 'Bencana', '', 'icon icon-industry', '2017-09-19 03:18:40', '0000-00-00 00:00:00'),
(588, 2, 0, 'vendor', 'Vendor', '', 'icon icon-users', '2017-09-19 03:45:24', '0000-00-00 00:00:00'),
(589, 3, 0, 'penguatan', 'Penguatan', '', 'icon icon-bar-chart', '2017-09-19 04:32:34', '0000-00-00 00:00:00'),
(590, 3, 589, 'penguatan', 'Data Penguatan', '', 'icon icon-area-chart', '2017-09-19 04:38:27', '0000-00-00 00:00:00'),
(591, 3, 589, 'download', 'Download', '', 'icon icon-download', '2017-09-19 07:42:38', '0000-00-00 00:00:00'),
(592, 3, 0, 'darurat', 'Darurat', '', 'icon icon-warning', '2017-09-19 08:14:09', '0000-00-00 00:00:00'),
(593, 3, 592, 'darurat', 'Data Darurat', '', 'icon icon-exclamation', '2017-09-19 08:16:29', '0000-00-00 00:00:00'),
(594, 3, 592, 'downloadDarurat', 'Download', '', 'icon icon-exclamation', '2017-09-19 08:18:14', '0000-00-00 00:00:00'),
(595, 4, 0, 'master', 'Master', '', 'icon icon-building-o\r\n\r\n\r\n', '2017-09-20 03:02:14', '0000-00-00 00:00:00'),
(596, 4, 595, 'paket', 'Barang', '', 'icon icon-truck', '2017-09-20 03:04:15', '0000-00-00 00:00:00'),
(598, 4, 595, 'vendor', 'Vendor', '', 'icon icon-users', '2017-09-20 03:07:35', '0000-00-00 00:00:00'),
(599, 4, 0, 'kontrak', 'Kontrak', '', 'icon icon-clone\r\n', '2017-09-20 03:57:02', '0000-00-00 00:00:00'),
(600, 4, 599, 'kontrak', 'Data Kontrak', '', '', '2017-09-20 03:59:19', '0000-00-00 00:00:00'),
(601, 4, 599, 'download', 'Download', '', '', '2017-09-20 04:00:13', '0000-00-00 00:00:00'),
(602, 5, 0, 'penerima', 'Penerima Barang', '', 'icon icon-building-o', '2017-09-20 08:29:01', '0000-00-00 00:00:00'),
(603, 6, 0, 'permintaan', 'Permintaan Barang', '', 'icon icon-truck', '2017-09-22 06:51:24', '0000-00-00 00:00:00'),
(604, 6, 0, 'download', 'Data Distribusi', '', 'icon icon-folder\r\n\r\n', '2017-09-22 09:22:23', '0000-00-00 00:00:00'),
(605, 5, 0, 'order', 'Order Distribusi', '', 'icon icon-suitcase\r\n', '2017-09-25 03:00:19', '0000-00-00 00:00:00'),
(606, 5, 0, 'pengiriman', 'Pengeluaran Barang', '', 'icon icon-truck', '2017-09-25 04:37:21', '0000-00-00 00:00:00'),
(607, 4, 595, 'satuan', 'Satuan', '', 'icon icon-building-o', '2017-09-26 03:08:18', '0000-00-00 00:00:00'),
(608, 2, 0, 'satuan', 'Satuan Barang', '', 'icon icon-book', '2017-09-26 03:22:40', '0000-00-00 00:00:00'),
(609, 7, 0, 'kartu', 'Kartu stok', '', 'icon icon-credit-card\r\n', '2017-09-29 02:09:59', '0000-00-00 00:00:00'),
(610, 7, 0, 'stok', 'Stok Opname', '', 'icon icon-tasks\r\n', '2017-10-03 07:09:24', '0000-00-00 00:00:00'),
(611, 7, 0, 'monitoring', 'Monitoring Stok', '', 'icon icon-bullseye\r\n', '2017-10-06 02:30:58', '0000-00-00 00:00:00'),
(612, 7, 0, 'adjustment', 'Adjustment Stok', '', 'icon icon-adjust\r\n', '2017-10-06 02:35:11', '0000-00-00 00:00:00'),
(613, 2, 0, 'kelompok', 'Kelompok Barang', '', 'icon icon-file', '2017-10-16 08:43:19', '0000-00-00 00:00:00'),
(614, 2, 0, 'perolehan', 'Asal Perolehan', '', 'icon icon-archive', '2017-10-22 03:58:21', '0000-00-00 00:00:00');

-- --------------------------------------------------------

--
-- Table structure for table `sub_module_permissions`
--

CREATE TABLE `sub_module_permissions` (
  `id` int(11) NOT NULL,
  `role_id` int(11) NOT NULL,
  `module_id` int(11) NOT NULL,
  `sub_module_id` int(11) NOT NULL,
  `allow` tinyint(1) NOT NULL,
  `created_at` timestamp NULL DEFAULT NULL,
  `updated_at` timestamp NULL DEFAULT NULL
) ENGINE=InnoDB DEFAULT CHARSET=latin1;

--
-- Dumping data for table `sub_module_permissions`
--

INSERT INTO `sub_module_permissions` (`id`, `role_id`, `module_id`, `sub_module_id`, `allow`, `created_at`, `updated_at`) VALUES
(1, 1, 9, 1, 1, '2017-02-28 00:03:07', '2017-02-28 00:03:07'),
(2, 1, 9, 2, 1, '2017-02-28 00:03:07', '2017-02-28 00:03:07'),
(3, 1, 9, 3, 1, '2017-02-28 00:03:07', '2017-02-28 00:03:07'),
(4, 1, 9, 4, 1, '2017-02-28 00:03:07', '2017-02-28 00:03:07'),
(6, 1, 2, 6, 1, '2017-03-02 01:18:59', '2017-03-02 01:18:59'),
(7, 1, 4, 8, 1, '2017-03-02 01:36:39', '2017-03-02 01:36:39'),
(9, 1, 6, 10, 1, '2017-03-02 01:36:46', '2017-03-02 01:36:46'),
(10, 1, 7, 11, 1, '2017-03-02 01:36:49', '2017-03-02 01:36:49'),
(11, 1, 2, 12, 1, '2017-02-27 17:03:07', '2017-02-27 17:03:07'),
(12, 1, 2, 13, 1, '2017-02-27 17:03:07', '2017-02-27 17:03:07'),
(13, 1, 2, 14, 1, '2017-02-27 17:03:07', '2017-02-27 17:03:07'),
(14, 1, 2, 15, 1, '2017-02-27 17:03:07', '2017-02-27 17:03:07'),
(15, 1, 2, 16, 1, '2017-02-27 19:51:20', '2017-02-27 19:51:20'),
(16, 1, 2, 17, 1, '2017-03-01 18:18:59', '2017-03-01 18:18:59'),
(17, 1, 2, 18, 1, '2017-03-01 18:36:39', '2017-03-01 18:36:39'),
(18, 1, 2, 19, 1, '2017-03-08 23:27:20', '2017-03-08 23:27:20'),
(19, 1, 2, 20, 1, '2017-03-08 23:27:20', '2017-03-08 23:27:20'),
(20, 1, 2, 21, 1, '2017-03-08 23:27:20', '2017-03-08 23:27:20'),
(21, 1, 2, 22, 1, '2017-03-08 23:27:20', '2017-03-08 23:27:20'),
(22, 1, 2, 23, 1, '2017-03-08 23:27:20', '2017-03-08 23:27:20'),
(23, 1, 2, 24, 1, '2017-03-08 23:27:20', '2017-03-08 23:27:20'),
(24, 1, 2, 25, 1, '2017-03-08 23:27:21', '2017-03-08 23:27:21'),
(25, 1, 2, 26, 1, '2017-03-08 23:27:21', '2017-03-08 23:27:21'),
(26, 1, 2, 27, 1, '2017-03-08 23:27:21', '2017-03-08 23:27:21'),
(27, 1, 2, 28, 1, '2017-03-08 23:27:21', '2017-03-08 23:27:21'),
(28, 1, 2, 29, 1, '2017-03-08 23:27:21', '2017-03-08 23:27:21'),
(29, 1, 2, 30, 1, '2017-03-08 23:40:45', '2017-03-08 23:40:45'),
(30, 1, 2, 31, 1, '2017-03-08 23:40:45', '2017-03-08 23:40:45'),
(31, 1, 2, 32, 1, '2017-03-08 23:40:45', '2017-03-08 23:40:45'),
(32, 1, 2, 33, 1, '2017-03-08 23:40:45', '2017-03-08 23:40:45'),
(33, 1, 2, 34, 1, '2017-03-08 23:40:45', '2017-03-08 23:40:45'),
(34, 1, 2, 35, 1, '2017-03-08 23:40:45', '2017-03-08 23:40:45'),
(35, 1, 2, 36, 1, '2017-03-08 23:40:45', '2017-03-08 23:40:45'),
(36, 1, 2, 37, 1, '2017-03-08 23:40:45', '2017-03-08 23:40:45'),
(37, 1, 2, 38, 1, '2017-03-08 23:40:45', '2017-03-08 23:40:45'),
(38, 1, 2, 39, 1, '2017-03-08 23:40:45', '2017-03-08 23:40:45'),
(39, 1, 2, 40, 1, '2017-03-08 23:40:45', '2017-03-08 23:40:45'),
(40, 1, 2, 41, 1, '2017-03-08 23:40:45', '2017-03-08 23:40:45'),
(41, 1, 2, 42, 1, '2017-03-08 23:40:45', '2017-03-08 23:40:45'),
(42, 1, 2, 43, 1, '2017-03-08 23:40:45', '2017-03-08 23:40:45'),
(43, 1, 2, 44, 1, '2017-03-08 23:40:46', '2017-03-08 23:40:46'),
(44, 1, 2, 45, 1, '2017-03-08 23:40:46', '2017-03-08 23:40:46'),
(45, 1, 2, 46, 1, '2017-03-08 23:40:46', '2017-03-08 23:40:46'),
(46, 1, 2, 47, 1, '2017-03-08 23:59:00', '2017-03-08 23:59:00'),
(47, 1, 2, 48, 1, '2017-03-08 23:59:00', '2017-03-08 23:59:00'),
(48, 1, 2, 49, 1, '2017-03-08 23:59:00', '2017-03-08 23:59:00'),
(49, 1, 2, 50, 1, '2017-03-08 23:59:00', '2017-03-08 23:59:00'),
(50, 1, 2, 51, 1, '2017-03-08 23:59:00', '2017-03-08 23:59:00'),
(51, 1, 2, 52, 1, '2017-03-08 23:59:00', '2017-03-08 23:59:00'),
(52, 1, 2, 53, 1, '2017-03-08 23:59:00', '2017-03-08 23:59:00'),
(53, 1, 2, 54, 1, '2017-03-08 23:59:00', '2017-03-08 23:59:00'),
(54, 1, 2, 55, 1, '2017-03-08 23:59:01', '2017-03-08 23:59:01'),
(55, 1, 2, 56, 1, '2017-03-08 23:59:01', '2017-03-08 23:59:01'),
(56, 1, 2, 57, 1, '2017-03-08 23:59:01', '2017-03-08 23:59:01'),
(57, 1, 2, 58, 1, '2017-03-08 23:59:01', '2017-03-08 23:59:01'),
(58, 1, 2, 59, 1, '2017-03-08 23:59:01', '2017-03-08 23:59:01'),
(59, 1, 2, 60, 1, '2017-03-08 23:59:01', '2017-03-08 23:59:01'),
(60, 1, 2, 61, 1, '2017-03-08 23:59:01', '2017-03-08 23:59:01'),
(61, 1, 2, 62, 1, '2017-03-08 23:59:01', '2017-03-08 23:59:01'),
(62, 1, 2, 63, 1, '2017-03-08 23:59:01', '2017-03-08 23:59:01'),
(63, 1, 2, 64, 1, '2017-03-08 23:59:01', '2017-03-08 23:59:01'),
(64, 1, 2, 65, 1, '2017-03-08 23:59:01', '2017-03-08 23:59:01'),
(65, 1, 2, 66, 1, '2017-03-08 23:59:01', '2017-03-08 23:59:01'),
(66, 1, 2, 67, 1, '2017-03-08 23:59:01', '2017-03-08 23:59:01'),
(67, 1, 2, 68, 1, '2017-03-08 23:59:01', '2017-03-08 23:59:01'),
(68, 1, 2, 69, 1, '2017-03-08 23:59:01', '2017-03-08 23:59:01'),
(69, 1, 2, 70, 1, '2017-03-08 23:59:01', '2017-03-08 23:59:03'),
(70, 1, 2, 71, 1, '2017-03-09 00:26:52', '2017-03-09 00:26:52'),
(71, 1, 2, 72, 1, '2017-03-09 00:26:52', '2017-03-09 00:26:52'),
(72, 1, 2, 73, 1, '2017-03-09 00:26:52', '2017-03-09 00:26:52'),
(73, 1, 2, 74, 1, '2017-03-09 00:26:52', '2017-03-09 00:26:52'),
(74, 1, 2, 75, 1, '2017-03-09 00:26:52', '2017-03-09 00:26:52'),
(75, 1, 2, 76, 1, '2017-03-09 00:26:52', '2017-03-09 00:26:52'),
(76, 1, 2, 77, 1, '2017-03-09 00:26:52', '2017-03-09 00:26:52'),
(77, 1, 2, 78, 1, '2017-03-09 00:26:52', '2017-03-09 00:26:52'),
(78, 1, 2, 79, 1, '2017-03-09 00:26:52', '2017-03-09 00:26:52'),
(79, 1, 2, 80, 1, '2017-03-09 00:26:52', '2017-03-09 00:26:52'),
(80, 1, 2, 81, 1, '2017-03-09 00:26:52', '2017-03-09 00:26:52'),
(81, 1, 2, 82, 1, '2017-03-09 00:26:52', '2017-03-09 00:26:52'),
(82, 1, 2, 83, 1, '2017-03-09 00:26:52', '2017-03-09 00:26:52'),
(83, 1, 2, 84, 1, '2017-03-09 00:26:52', '2017-03-09 00:26:52'),
(84, 1, 2, 85, 1, '2017-03-09 00:26:52', '2017-03-09 00:26:52'),
(85, 1, 2, 86, 1, '2017-03-09 00:26:52', '2017-03-09 00:26:52'),
(86, 1, 2, 87, 1, '2017-03-09 00:26:52', '2017-03-09 00:26:52'),
(87, 1, 2, 88, 1, '2017-03-09 00:26:53', '2017-03-09 00:26:53'),
(88, 1, 2, 89, 1, '2017-03-09 00:26:53', '2017-03-09 00:26:53'),
(89, 1, 2, 90, 1, '2017-03-09 00:26:53', '2017-03-09 00:26:53'),
(90, 1, 2, 91, 1, '2017-03-09 00:26:53', '2017-03-09 00:26:53'),
(91, 1, 2, 92, 1, '2017-03-09 00:26:53', '2017-03-09 00:26:53'),
(92, 1, 2, 93, 1, '2017-03-09 00:26:53', '2017-03-09 00:26:53'),
(93, 1, 2, 94, 1, '2017-03-09 00:26:53', '2017-03-09 00:26:53'),
(94, 1, 2, 95, 1, '2017-03-09 00:26:53', '2017-03-09 00:26:53'),
(95, 1, 2, 96, 1, '2017-03-09 00:26:53', '2017-03-09 00:26:53'),
(96, 1, 1, 97, 1, '2017-03-12 21:06:13', '2017-03-12 21:06:13'),
(97, 1, 1, 98, 1, '2017-03-12 21:06:13', '2017-03-12 21:06:13'),
(98, 1, 1, 99, 1, '2017-03-12 21:06:13', '2017-03-12 21:06:13'),
(99, 1, 1, 100, 1, '2017-03-12 21:06:13', '2017-03-12 21:06:13'),
(100, 1, 1, 101, 1, '2017-03-12 21:06:13', '2017-03-12 21:06:13'),
(101, 1, 1, 102, 1, '2017-03-12 21:06:13', '2017-03-12 21:06:13'),
(102, 1, 1, 103, 1, '2017-03-12 21:06:16', '2017-03-12 21:06:16'),
(103, 1, 1, 104, 1, '2017-03-12 21:06:16', '2017-03-12 21:06:16'),
(104, 1, 1, 105, 1, '2017-03-12 21:06:16', '2017-03-12 21:06:16'),
(105, 1, 1, 106, 1, '2017-03-12 21:06:16', '2017-03-12 21:06:16'),
(106, 1, 1, 107, 1, '2017-03-12 21:06:16', '2017-03-12 21:06:16'),
(107, 1, 1, 108, 1, '2017-03-12 21:06:16', '2017-03-12 21:06:16'),
(108, 1, 1, 109, 1, '2017-03-12 21:06:16', '2017-03-12 21:06:16'),
(109, 1, 1, 110, 1, '2017-03-12 21:06:16', '2017-03-12 21:06:16'),
(110, 1, 1, 111, 1, '2017-03-12 21:06:17', '2017-03-12 21:06:17'),
(111, 1, 1, 112, 1, '2017-03-12 21:06:17', '2017-03-12 21:06:17'),
(112, 1, 1, 113, 1, '2017-03-12 21:06:17', '2017-03-12 21:06:17'),
(113, 1, 1, 114, 1, '2017-03-12 21:06:17', '2017-03-12 21:06:17'),
(114, 1, 1, 115, 1, '2017-03-12 21:06:17', '2017-03-12 21:06:17'),
(115, 1, 1, 116, 1, '2017-03-12 21:06:17', '2017-03-12 21:06:17'),
(116, 1, 1, 117, 1, '2017-03-12 21:06:17', '2017-03-12 21:06:17'),
(117, 1, 1, 118, 1, '2017-03-12 21:06:17', '2017-03-12 21:06:17'),
(118, 1, 1, 119, 1, '2017-03-12 21:06:17', '2017-03-12 21:06:17'),
(119, 1, 1, 120, 1, '2017-03-12 21:06:17', '2017-03-12 21:06:17'),
(120, 1, 1, 121, 1, '2017-03-12 21:06:17', '2017-03-12 21:06:17'),
(121, 1, 1, 122, 1, '2017-03-12 21:06:18', '2017-03-12 21:06:18'),
(122, 1, 1, 123, 1, '2017-03-12 21:06:18', '2017-03-12 21:06:18'),
(123, 1, 1, 124, 1, '2017-03-12 21:06:18', '2017-03-12 21:06:18'),
(124, 1, 1, 125, 1, '2017-03-12 21:06:18', '2017-03-12 21:06:18'),
(125, 1, 1, 126, 1, '2017-03-12 21:06:18', '2017-03-12 21:06:18'),
(126, 1, 1, 127, 1, '2017-03-12 21:06:18', '2017-03-12 21:06:18'),
(127, 1, 1, 128, 1, '2017-03-12 21:06:18', '2017-03-12 21:06:18'),
(128, 1, 1, 129, 1, '2017-03-12 21:06:18', '2017-03-12 21:06:18'),
(129, 1, 1, 130, 1, '2017-03-12 21:06:18', '2017-03-12 21:06:18'),
(130, 1, 1, 131, 1, '2017-03-12 21:06:18', '2017-03-12 21:06:18'),
(131, 1, 1, 132, 1, '2017-03-12 21:06:18', '2017-03-12 21:06:18'),
(132, 1, 1, 133, 1, '2017-03-12 21:06:18', '2017-03-12 21:06:18'),
(133, 1, 1, 134, 1, '2017-03-12 21:06:18', '2017-03-12 21:06:18'),
(134, 1, 1, 135, 1, '2017-03-12 21:06:18', '2017-03-12 21:06:18'),
(135, 1, 1, 136, 1, '2017-03-12 21:06:18', '2017-03-12 21:06:18'),
(136, 1, 1, 138, 1, '2017-03-13 00:40:46', '2017-03-13 00:40:46'),
(137, 1, 1, 137, 1, '2017-03-13 00:40:49', '2017-03-13 00:40:49'),
(200, 1, 3, 7, 1, '2017-04-10 19:26:35', '2017-04-10 19:26:35'),
(201, 1, 3, 201, 1, '2017-04-10 19:26:35', '2017-04-10 19:26:35'),
(202, 1, 3, 202, 1, '2017-04-10 19:26:35', '2017-04-10 19:26:35'),
(203, 1, 3, 203, 1, '2017-04-10 19:26:35', '2017-04-10 19:26:35'),
(204, 1, 3, 204, 1, '2017-04-10 19:26:35', '2017-04-10 19:26:35'),
(205, 1, 3, 205, 1, '2017-04-10 19:26:35', '2017-04-10 19:26:35'),
(206, 1, 3, 206, 1, '2017-04-10 19:26:35', '2017-04-10 19:26:35'),
(207, 1, 3, 207, 1, '2017-04-10 19:26:35', '2017-04-10 19:26:35'),
(208, 1, 3, 208, 1, '2017-04-10 19:26:35', '2017-04-10 19:26:35'),
(209, 1, 3, 209, 1, '2017-04-10 19:26:35', '2017-04-10 19:26:35'),
(210, 1, 3, 210, 1, '2017-04-10 19:26:35', '2017-04-10 19:26:35'),
(211, 1, 3, 211, 1, '2017-04-10 19:26:35', '2017-04-10 19:26:35'),
(212, 1, 3, 212, 1, '2017-04-10 19:26:35', '2017-04-10 19:26:35'),
(213, 1, 3, 213, 1, '2017-04-10 19:26:35', '2017-04-10 19:26:35'),
(214, 1, 3, 214, 1, '2017-04-10 19:26:36', '2017-04-10 19:26:36'),
(215, 1, 3, 215, 1, '2017-04-10 19:26:36', '2017-04-10 19:26:36'),
(216, 1, 3, 216, 1, '2017-04-10 19:26:36', '2017-04-10 19:26:36'),
(217, 1, 3, 217, 1, '2017-04-10 19:26:36', '2017-04-10 19:26:36'),
(218, 1, 3, 218, 1, '2017-04-10 19:26:36', '2017-04-10 19:26:36'),
(219, 1, 3, 219, 1, '2017-04-10 19:26:36', '2017-04-10 19:26:36'),
(220, 1, 3, 220, 1, '2017-04-10 19:26:36', '2017-04-10 19:26:36'),
(221, 1, 3, 221, 1, '2017-04-10 19:26:36', '2017-04-10 19:26:36'),
(222, 1, 3, 222, 1, '2017-04-10 19:26:36', '2017-04-10 19:26:36'),
(223, 1, 3, 223, 1, '2017-04-10 19:26:36', '2017-04-10 19:26:36'),
(224, 1, 3, 224, 1, '2017-04-10 19:26:36', '2017-04-10 19:26:36'),
(225, 1, 3, 225, 1, '2017-04-10 19:26:36', '2017-04-10 19:26:36'),
(226, 1, 3, 226, 1, '2017-04-10 19:26:36', '2017-04-10 19:26:36'),
(227, 1, 3, 227, 1, '2017-04-10 19:26:36', '2017-04-10 19:26:36'),
(228, 1, 3, 228, 1, '2017-04-10 19:26:36', '2017-04-10 19:26:36'),
(229, 1, 3, 229, 1, '2017-04-10 19:26:36', '2017-04-10 19:26:36'),
(230, 1, 3, 230, 1, '2017-04-10 19:26:36', '2017-04-10 19:26:36'),
(231, 1, 3, 231, 1, '2017-04-10 19:26:36', '2017-04-10 19:26:36'),
(232, 1, 3, 232, 1, '2017-04-10 19:26:36', '2017-04-10 19:26:36'),
(233, 1, 3, 233, 1, '2017-04-10 19:26:36', '2017-04-10 19:26:36'),
(234, 1, 3, 234, 1, '2017-04-10 19:26:36', '2017-04-10 19:26:36'),
(235, 1, 3, 235, 1, '2017-04-10 19:26:36', '2017-04-10 19:26:36'),
(236, 1, 3, 236, 1, '2017-04-10 19:26:37', '2017-04-10 19:26:37'),
(237, 1, 3, 237, 1, '2017-04-10 19:26:37', '2017-04-10 19:26:37'),
(238, 1, 3, 238, 1, '2017-04-10 19:26:37', '2017-04-10 19:26:37'),
(239, 1, 3, 239, 1, '2017-04-10 19:26:37', '2017-04-10 19:26:37'),
(240, 1, 3, 240, 1, '2017-04-10 19:26:37', '2017-04-10 19:26:37'),
(241, 1, 3, 241, 1, '2017-04-10 19:26:37', '2017-04-10 19:26:37'),
(242, 1, 4, 243, 1, '2017-04-10 20:42:35', '2017-04-10 20:42:35'),
(243, 1, 4, 244, 1, '2017-04-10 20:42:35', '2017-04-10 20:42:35'),
(244, 1, 4, 245, 1, '2017-04-10 20:42:35', '2017-04-10 20:42:35'),
(245, 1, 4, 246, 1, '2017-04-10 20:42:36', '2017-04-10 20:42:36'),
(246, 1, 4, 247, 1, '2017-04-10 20:42:36', '2017-04-10 20:42:36'),
(247, 1, 4, 248, 1, '2017-04-10 20:42:36', '2017-04-10 20:42:36'),
(248, 1, 4, 249, 1, '2017-04-10 20:42:36', '2017-04-10 20:42:36'),
(249, 1, 4, 250, 1, '2017-04-10 20:42:36', '2017-04-10 20:42:36'),
(250, 1, 4, 251, 1, '2017-04-10 20:42:36', '2017-04-10 20:42:36'),
(251, 1, 4, 252, 1, '2017-04-10 20:42:36', '2017-04-10 20:42:36'),
(252, 1, 4, 253, 1, '2017-04-10 20:42:36', '2017-04-10 20:42:36'),
(253, 1, 4, 254, 1, '2017-04-10 20:42:36', '2017-04-10 20:42:36'),
(254, 1, 4, 255, 1, '2017-04-10 20:42:36', '2017-04-10 20:42:36'),
(255, 1, 4, 256, 1, '2017-04-10 20:42:36', '2017-04-10 20:42:36'),
(256, 1, 4, 257, 1, '2017-04-10 20:42:36', '2017-04-10 20:42:36'),
(257, 1, 4, 258, 1, '2017-04-10 20:42:36', '2017-04-10 20:42:36'),
(258, 1, 4, 259, 1, '2017-04-10 20:42:36', '2017-04-10 20:42:36'),
(259, 1, 4, 260, 1, '2017-04-10 20:42:36', '2017-04-10 20:42:36'),
(260, 1, 4, 261, 1, '2017-04-10 20:42:36', '2017-04-10 20:42:36'),
(261, 1, 4, 262, 1, '2017-04-10 20:42:36', '2017-04-10 20:42:36'),
(262, 1, 4, 263, 1, '2017-04-10 20:42:36', '2017-04-10 20:42:36'),
(263, 1, 4, 264, 1, '2017-04-10 20:42:36', '2017-04-10 20:42:36'),
(264, 1, 4, 265, 1, '2017-04-10 20:42:36', '2017-04-10 20:42:36'),
(265, 1, 4, 266, 1, '2017-04-10 20:42:36', '2017-04-10 20:42:36'),
(266, 1, 4, 267, 1, '2017-04-10 20:42:36', '2017-04-10 20:42:36'),
(267, 1, 4, 268, 1, '2017-04-10 20:42:37', '2017-04-10 20:42:37'),
(268, 1, 4, 269, 1, '2017-04-10 20:42:37', '2017-04-10 20:42:37'),
(269, 1, 4, 270, 1, '2017-04-10 20:42:37', '2017-04-10 20:42:37'),
(270, 1, 4, 271, 1, '2017-04-10 20:42:37', '2017-04-10 20:42:37'),
(271, 1, 4, 272, 1, '2017-04-10 20:42:37', '2017-04-10 20:42:37'),
(272, 1, 4, 273, 1, '2017-04-10 20:42:37', '2017-04-10 20:42:37'),
(273, 1, 4, 274, 1, '2017-04-10 20:42:37', '2017-04-10 20:42:37'),
(274, 1, 4, 275, 1, '2017-04-10 20:42:37', '2017-04-10 20:42:37'),
(275, 1, 4, 276, 1, '2017-04-10 20:42:37', '2017-04-10 20:42:37'),
(276, 1, 4, 277, 1, '2017-04-10 20:42:37', '2017-04-10 20:42:37'),
(277, 1, 4, 278, 1, '2017-04-10 20:42:37', '2017-04-10 20:42:37'),
(278, 1, 4, 279, 1, '2017-04-10 20:42:37', '2017-04-10 20:42:37'),
(279, 1, 4, 280, 1, '2017-04-10 20:42:37', '2017-04-10 20:42:37'),
(280, 1, 4, 281, 1, '2017-04-10 20:42:37', '2017-04-10 20:42:37'),
(281, 1, 4, 282, 1, '2017-04-10 20:42:37', '2017-04-10 20:42:37'),
(282, 1, 6, 290, 1, '2017-04-12 03:03:15', '2017-04-12 03:03:15'),
(283, 1, 6, 291, 1, '2017-04-12 03:03:16', '2017-04-12 03:03:16'),
(284, 1, 6, 292, 1, '2017-04-12 03:03:16', '2017-04-12 03:03:16'),
(285, 1, 6, 293, 1, '2017-04-12 03:03:16', '2017-04-12 03:03:16'),
(286, 1, 6, 294, 1, '2017-04-12 03:03:16', '2017-04-12 03:03:16'),
(287, 1, 6, 295, 1, '2017-04-12 03:03:16', '2017-04-12 03:03:16'),
(288, 1, 6, 296, 1, '2017-04-12 03:03:16', '2017-04-12 03:03:16'),
(289, 1, 6, 297, 1, '2017-04-12 03:03:16', '2017-04-12 03:03:16'),
(290, 1, 6, 298, 1, '2017-04-12 03:03:16', '2017-04-12 03:03:16'),
(291, 1, 6, 299, 1, '2017-04-12 03:03:16', '2017-04-12 03:03:16'),
(292, 1, 6, 300, 1, '2017-04-12 03:03:16', '2017-04-12 03:03:16'),
(293, 1, 6, 301, 1, '2017-04-12 03:03:16', '2017-04-12 03:03:16'),
(294, 1, 6, 302, 1, '2017-04-12 03:03:16', '2017-04-12 03:03:16'),
(295, 1, 6, 303, 1, '2017-04-12 03:03:16', '2017-04-12 03:03:16'),
(296, 1, 6, 304, 1, '2017-04-12 03:03:16', '2017-04-12 03:03:16'),
(297, 1, 6, 305, 1, '2017-04-12 03:03:16', '2017-04-12 03:03:16'),
(298, 1, 6, 306, 1, '2017-04-12 03:03:16', '2017-04-12 03:03:16'),
(299, 1, 6, 307, 1, '2017-04-12 03:03:16', '2017-04-12 03:03:16'),
(300, 1, 6, 308, 1, '2017-04-12 03:03:16', '2017-04-12 03:03:16'),
(301, 1, 6, 309, 1, '2017-04-12 03:03:16', '2017-04-12 03:03:16'),
(302, 1, 6, 310, 1, '2017-04-12 03:03:16', '2017-04-12 03:03:16'),
(303, 1, 6, 311, 1, '2017-04-12 03:03:16', '2017-04-12 03:03:16'),
(304, 1, 6, 312, 1, '2017-04-12 03:03:16', '2017-04-12 03:03:16'),
(305, 1, 6, 313, 1, '2017-04-12 03:03:16', '2017-04-12 03:03:16'),
(306, 1, 6, 314, 1, '2017-04-12 03:03:16', '2017-04-12 03:03:16'),
(307, 1, 6, 315, 1, '2017-04-12 03:03:16', '2017-04-12 03:03:16'),
(308, 1, 6, 316, 1, '2017-04-12 03:03:16', '2017-04-12 03:03:16'),
(309, 1, 6, 317, 1, '2017-04-12 03:03:16', '2017-04-12 03:03:16'),
(310, 1, 6, 318, 1, '2017-04-12 03:03:16', '2017-04-12 03:03:16'),
(311, 1, 6, 319, 1, '2017-04-12 03:03:16', '2017-04-12 03:03:16'),
(312, 1, 6, 320, 1, '2017-04-12 03:03:16', '2017-04-12 03:03:16'),
(313, 1, 6, 321, 1, '2017-04-12 03:03:16', '2017-04-12 03:03:16'),
(314, 1, 6, 322, 1, '2017-04-12 03:03:16', '2017-04-12 03:03:16'),
(315, 1, 6, 323, 1, '2017-04-12 03:03:16', '2017-04-12 03:03:16'),
(316, 1, 6, 324, 1, '2017-04-12 03:03:17', '2017-04-12 03:03:17'),
(317, 1, 6, 325, 1, '2017-04-12 03:03:17', '2017-04-12 03:03:17'),
(318, 1, 6, 326, 1, '2017-04-12 03:03:17', '2017-04-12 03:03:17'),
(319, 1, 6, 327, 1, '2017-04-12 03:03:17', '2017-04-12 03:03:17'),
(320, 1, 6, 328, 1, '2017-04-12 03:03:17', '2017-04-12 03:03:17'),
(321, 1, 6, 329, 1, '2017-04-12 03:03:17', '2017-04-12 03:03:17'),
(322, 1, 6, 330, 1, '2017-04-12 03:03:17', '2017-04-12 03:03:17'),
(323, 1, 6, 331, 1, '2017-04-12 03:03:17', '2017-04-12 03:03:17'),
(324, 1, 6, 332, 1, '2017-04-12 03:03:17', '2017-04-12 03:03:17'),
(325, 1, 6, 333, 1, '2017-04-12 03:03:17', '2017-04-12 03:03:17'),
(326, 1, 6, 334, 1, '2017-04-12 03:03:17', '2017-04-12 03:03:17'),
(327, 1, 6, 335, 1, '2017-04-12 03:03:17', '2017-04-12 03:03:17'),
(328, 1, 6, 336, 1, '2017-04-12 03:03:17', '2017-04-12 03:03:17'),
(329, 1, 6, 337, 1, '2017-04-12 03:03:17', '2017-04-12 03:03:17'),
(330, 1, 6, 338, 1, '2017-04-12 03:03:17', '2017-04-12 03:03:17'),
(331, 1, 6, 339, 1, '2017-04-12 03:03:17', '2017-04-12 03:03:17'),
(332, 1, 6, 340, 1, '2017-04-12 03:03:17', '2017-04-12 03:03:17'),
(333, 1, 6, 341, 1, '2017-04-12 03:03:17', '2017-04-12 03:03:17'),
(334, 1, 6, 342, 1, '2017-04-12 03:03:17', '2017-04-12 03:03:17'),
(335, 1, 6, 343, 1, '2017-04-12 03:03:17', '2017-04-12 03:03:17'),
(336, 1, 6, 344, 1, '2017-04-12 03:03:17', '2017-04-12 03:03:17'),
(337, 1, 6, 345, 1, '2017-04-12 03:03:17', '2017-04-12 03:03:17'),
(338, 1, 6, 346, 1, '2017-04-12 03:03:17', '2017-04-12 03:03:17'),
(339, 1, 6, 347, 1, '2017-04-12 03:03:17', '2017-04-12 03:03:17'),
(340, 1, 6, 348, 1, '2017-04-12 03:03:17', '2017-04-12 03:03:17'),
(341, 1, 6, 349, 1, '2017-04-12 03:03:17', '2017-04-12 03:03:17'),
(342, 1, 6, 350, 1, '2017-04-12 03:03:18', '2017-04-12 03:03:18'),
(343, 1, 6, 351, 1, '2017-04-12 03:03:18', '2017-04-12 03:03:18'),
(344, 1, 6, 352, 1, '2017-04-12 03:03:18', '2017-04-12 03:03:18'),
(345, 1, 6, 353, 1, '2017-04-12 03:03:18', '2017-04-12 03:03:18'),
(346, 1, 6, 354, 1, '2017-04-12 03:03:18', '2017-04-12 03:03:18'),
(347, 1, 6, 355, 1, '2017-04-12 03:03:18', '2017-04-12 03:03:18'),
(348, 1, 6, 356, 1, '2017-04-12 03:03:18', '2017-04-12 03:03:18'),
(349, 1, 7, 357, 1, '2017-04-12 03:03:34', '2017-04-12 03:03:34'),
(350, 1, 7, 358, 1, '2017-04-12 03:03:34', '2017-04-12 03:03:34'),
(351, 1, 7, 359, 1, '2017-04-12 03:03:34', '2017-04-12 03:03:34'),
(352, 1, 7, 360, 1, '2017-04-12 03:03:34', '2017-04-12 03:03:34'),
(353, 1, 7, 361, 1, '2017-04-12 03:03:34', '2017-04-12 03:03:34'),
(354, 1, 7, 362, 1, '2017-04-12 03:03:34', '2017-04-12 03:03:34'),
(355, 1, 7, 363, 1, '2017-04-12 03:03:34', '2017-04-12 03:03:34'),
(356, 1, 7, 364, 1, '2017-04-12 03:03:34', '2017-04-12 03:03:34'),
(357, 1, 7, 365, 1, '2017-04-12 03:03:34', '2017-04-12 03:03:34'),
(358, 1, 7, 366, 1, '2017-04-12 03:03:34', '2017-04-12 03:03:34'),
(359, 1, 7, 367, 1, '2017-04-12 03:03:34', '2017-04-12 03:03:34'),
(360, 1, 7, 368, 1, '2017-04-12 03:03:34', '2017-04-12 03:03:34'),
(361, 1, 7, 369, 1, '2017-04-12 03:03:34', '2017-04-12 03:03:34'),
(362, 1, 7, 370, 1, '2017-04-12 03:03:34', '2017-04-12 03:03:34'),
(363, 1, 7, 371, 1, '2017-04-12 03:03:34', '2017-04-12 03:03:34'),
(364, 1, 7, 372, 1, '2017-04-12 03:03:34', '2017-04-12 03:03:34'),
(365, 1, 7, 373, 1, '2017-04-12 03:03:35', '2017-04-12 03:03:35'),
(366, 1, 7, 374, 1, '2017-04-12 03:03:35', '2017-04-12 03:03:35'),
(367, 1, 7, 375, 1, '2017-04-12 03:03:35', '2017-04-12 03:03:35'),
(368, 1, 7, 376, 1, '2017-04-12 03:03:35', '2017-04-12 03:03:35'),
(369, 1, 7, 377, 1, '2017-04-12 03:03:35', '2017-04-12 03:03:35'),
(370, 1, 7, 378, 1, '2017-04-12 03:03:35', '2017-04-12 03:03:35'),
(371, 1, 7, 379, 1, '2017-04-12 03:03:35', '2017-04-12 03:03:35'),
(372, 1, 7, 380, 1, '2017-04-12 03:03:35', '2017-04-12 03:03:35'),
(373, 1, 7, 381, 1, '2017-04-12 03:03:35', '2017-04-12 03:03:35'),
(374, 1, 7, 382, 1, '2017-04-12 03:03:35', '2017-04-12 03:03:35'),
(375, 1, 7, 383, 1, '2017-04-12 03:03:35', '2017-04-12 03:03:35'),
(376, 1, 7, 384, 1, '2017-04-12 03:03:35', '2017-04-12 03:03:35'),
(377, 1, 7, 385, 1, '2017-04-12 03:03:35', '2017-04-12 03:03:35'),
(378, 1, 7, 386, 1, '2017-04-12 03:03:35', '2017-04-12 03:03:35'),
(379, 1, 7, 387, 1, '2017-04-12 03:03:35', '2017-04-12 03:03:35'),
(380, 1, 7, 388, 1, '2017-04-12 03:03:35', '2017-04-12 03:03:35'),
(381, 1, 7, 389, 1, '2017-04-12 03:03:35', '2017-04-12 03:03:35'),
(382, 1, 7, 390, 1, '2017-04-12 03:03:35', '2017-04-12 03:03:35'),
(383, 1, 7, 391, 1, '2017-04-12 03:03:35', '2017-04-12 03:03:35'),
(384, 1, 7, 392, 1, '2017-04-12 03:03:35', '2017-04-12 03:03:35'),
(385, 1, 7, 393, 1, '2017-04-12 03:03:35', '2017-04-12 03:03:35'),
(386, 1, 7, 394, 1, '2017-04-12 03:03:35', '2017-04-12 03:03:35'),
(387, 1, 7, 395, 1, '2017-04-12 03:03:35', '2017-04-12 03:03:35'),
(388, 1, 7, 396, 1, '2017-04-12 03:03:36', '2017-04-12 03:03:36'),
(389, 1, 7, 397, 1, '2017-04-12 03:03:36', '2017-04-12 03:03:36'),
(390, 1, 7, 398, 1, '2017-04-12 03:03:36', '2017-04-12 03:03:36'),
(391, 1, 7, 399, 1, '2017-04-12 03:03:36', '2017-04-12 03:03:36'),
(392, 1, 7, 400, 1, '2017-04-12 03:03:36', '2017-04-12 03:03:36'),
(393, 1, 7, 401, 1, '2017-04-12 03:03:36', '2017-04-12 03:03:36'),
(394, 1, 7, 402, 1, '2017-04-12 03:03:36', '2017-04-12 03:03:36'),
(395, 1, 7, 403, 1, '2017-04-12 03:03:36', '2017-04-12 03:03:36'),
(396, 1, 7, 404, 1, '2017-04-12 03:03:36', '2017-04-12 03:03:36'),
(397, 1, 2, 405, 1, '2017-05-09 20:47:46', '2017-05-09 20:47:46'),
(398, 1, 2, 406, 1, '2017-05-09 20:47:46', '2017-05-09 20:47:46'),
(399, 1, 2, 409, 1, '2017-05-14 20:14:06', '2017-05-14 20:14:06'),
(445, 2, 1, 97, 1, '2017-06-13 19:46:56', '2017-06-13 19:46:56'),
(446, 2, 1, 98, 1, '2017-06-13 19:46:56', '2017-06-13 19:46:56'),
(447, 2, 1, 99, 1, '2017-06-13 19:46:56', '2017-06-13 19:46:56'),
(448, 2, 1, 100, 1, '2017-06-13 19:46:56', '2017-06-13 19:46:56'),
(449, 2, 1, 101, 1, '2017-06-13 19:46:56', '2017-06-13 19:46:56'),
(450, 2, 1, 102, 1, '2017-06-13 19:46:56', '2017-06-13 19:46:56'),
(451, 2, 1, 103, 1, '2017-06-13 19:46:56', '2017-06-13 19:46:56'),
(452, 2, 1, 104, 1, '2017-06-13 19:46:56', '2017-06-13 19:46:56'),
(453, 2, 1, 105, 1, '2017-06-13 19:46:56', '2017-06-13 19:46:56'),
(454, 2, 1, 138, 1, '2017-06-13 19:46:56', '2017-06-13 19:46:56'),
(455, 2, 1, 106, 1, '2017-06-13 19:46:56', '2017-06-13 19:46:56'),
(456, 2, 1, 107, 1, '2017-06-13 19:46:56', '2017-06-13 19:46:56'),
(457, 2, 1, 108, 1, '2017-06-13 19:46:56', '2017-06-13 19:46:56'),
(458, 2, 1, 109, 1, '2017-06-13 19:46:56', '2017-06-13 19:46:56'),
(459, 2, 1, 110, 1, '2017-06-13 19:46:56', '2017-06-13 19:46:56'),
(460, 2, 1, 111, 1, '2017-06-13 19:46:56', '2017-06-13 19:46:56'),
(461, 2, 1, 112, 1, '2017-06-13 19:46:56', '2017-06-13 19:46:56'),
(462, 2, 1, 113, 1, '2017-06-13 19:46:56', '2017-06-13 19:46:56'),
(463, 2, 1, 114, 1, '2017-06-13 19:46:56', '2017-06-13 19:46:56'),
(464, 2, 1, 115, 1, '2017-06-13 19:46:56', '2017-06-13 19:46:56'),
(465, 2, 1, 116, 1, '2017-06-13 19:46:56', '2017-06-13 19:46:56'),
(466, 2, 1, 117, 1, '2017-06-13 19:46:56', '2017-06-13 19:46:56'),
(467, 2, 1, 118, 1, '2017-06-13 19:46:56', '2017-06-13 19:46:56'),
(468, 2, 1, 119, 1, '2017-06-13 19:46:56', '2017-06-13 19:46:56'),
(469, 2, 1, 120, 1, '2017-06-13 19:46:56', '2017-06-13 19:46:56'),
(470, 2, 1, 121, 1, '2017-06-13 19:46:56', '2017-06-13 19:46:56'),
(471, 2, 1, 122, 1, '2017-06-13 19:46:56', '2017-06-13 19:46:56'),
(472, 2, 1, 123, 1, '2017-06-13 19:46:56', '2017-06-13 19:46:56'),
(473, 2, 1, 124, 1, '2017-06-13 19:46:56', '2017-06-13 19:46:56'),
(474, 2, 1, 125, 1, '2017-06-13 19:46:56', '2017-06-13 19:46:56'),
(475, 2, 1, 126, 1, '2017-06-13 19:46:56', '2017-06-13 19:46:56'),
(476, 2, 1, 127, 1, '2017-06-13 19:46:56', '2017-06-13 19:46:56'),
(477, 2, 1, 128, 1, '2017-06-13 19:46:56', '2017-06-13 19:46:56'),
(478, 2, 1, 129, 1, '2017-06-13 19:46:56', '2017-06-13 19:46:56'),
(479, 2, 1, 130, 1, '2017-06-13 19:46:56', '2017-06-13 19:46:56'),
(480, 2, 1, 131, 1, '2017-06-13 19:46:56', '2017-06-13 19:46:56'),
(481, 2, 1, 132, 1, '2017-06-13 19:46:56', '2017-06-13 19:46:56'),
(482, 2, 1, 133, 1, '2017-06-13 19:46:56', '2017-06-13 19:46:56'),
(483, 2, 1, 134, 1, '2017-06-13 19:46:56', '2017-06-13 19:46:56'),
(484, 2, 1, 135, 1, '2017-06-13 19:46:56', '2017-06-13 19:46:56'),
(485, 2, 1, 136, 1, '2017-06-13 19:46:56', '2017-06-13 19:46:56'),
(486, 2, 1, 137, 1, '2017-06-13 19:46:56', '2017-06-13 19:46:56'),
(487, 1, 5, 411, 1, '2017-07-10 08:56:52', '2017-07-10 08:56:52'),
(488, 1, 5, 412, 1, '2017-07-10 08:56:52', '2017-07-10 08:56:52'),
(489, 1, 5, 413, 1, '2017-07-10 09:00:00', '2017-07-10 09:00:00'),
(490, 1, 5, 414, 1, '2017-07-10 09:36:03', '2017-07-10 09:36:03'),
(491, 1, 5, 415, 1, '2017-07-10 10:25:56', '2017-07-10 10:25:56'),
(492, 1, 5, 416, 1, '2017-07-10 10:28:11', '2017-07-10 10:28:11'),
(493, 1, 5, 417, 1, '2017-07-10 10:28:11', '2017-07-10 10:28:11'),
(494, 1, 5, 418, 1, '2017-07-10 10:36:16', '2017-07-10 10:36:16'),
(495, 1, 5, 419, 1, '2017-07-10 10:36:16', '2017-07-10 10:36:16'),
(496, 1, 5, 420, 1, '2017-07-10 10:38:19', '2017-07-10 10:38:19'),
(497, 1, 5, 421, 1, '2017-07-10 13:14:14', '2017-07-10 13:14:14'),
(498, 1, 5, 422, 1, '2017-07-10 15:06:01', '2017-07-10 15:06:01'),
(499, 1, 5, 423, 1, '2017-07-11 01:49:05', '2017-07-11 01:49:05'),
(500, 1, 5, 424, 1, '2017-07-11 01:49:05', '2017-07-11 01:49:05'),
(501, 1, 5, 425, 1, '2017-07-11 01:49:05', '2017-07-11 01:49:05'),
(502, 1, 5, 426, 1, '2017-07-11 01:49:05', '2017-07-11 01:49:05'),
(503, 1, 5, 427, 1, '2017-07-11 01:49:05', '2017-07-11 01:49:05'),
(504, 1, 5, 428, 1, '2017-07-11 01:52:24', '2017-07-11 01:52:24'),
(505, 1, 5, 429, 1, '2017-07-11 01:52:24', '2017-07-11 01:52:24'),
(506, 1, 5, 430, 1, '2017-07-11 01:52:24', '2017-07-11 01:52:24'),
(507, 1, 5, 431, 1, '2017-07-11 01:52:24', '2017-07-11 01:52:24'),
(508, 1, 5, 432, 1, '2017-07-11 01:57:01', '2017-07-11 01:57:01'),
(509, 1, 5, 433, 1, '2017-07-11 01:57:01', '2017-07-11 01:57:01'),
(510, 1, 5, 434, 1, '2017-07-11 01:57:01', '2017-07-11 01:57:01'),
(511, 1, 5, 435, 1, '2017-07-11 01:57:01', '2017-07-11 01:57:01'),
(512, 1, 5, 436, 1, '2017-07-11 02:01:24', '2017-07-11 02:01:24'),
(513, 1, 5, 437, 1, '2017-07-11 02:01:24', '2017-07-11 02:01:24'),
(514, 1, 5, 438, 1, '2017-07-11 02:01:24', '2017-07-11 02:01:24'),
(515, 1, 5, 439, 1, '2017-07-11 02:01:24', '2017-07-11 02:01:24'),
(516, 1, 5, 440, 1, '2017-07-11 02:01:24', '2017-07-11 02:01:24'),
(517, 1, 5, 441, 1, '2017-07-11 02:06:17', '2017-07-11 02:06:17'),
(518, 1, 5, 442, 1, '2017-07-11 02:06:17', '2017-07-11 02:06:17'),
(519, 1, 5, 443, 1, '2017-07-11 02:06:17', '2017-07-11 02:06:17'),
(520, 1, 5, 444, 1, '2017-07-11 02:06:17', '2017-07-11 02:06:17'),
(521, 1, 5, 445, 1, '2017-07-11 02:06:17', '2017-07-11 02:06:17'),
(522, 1, 5, 446, 1, '2017-07-11 02:11:02', '2017-07-11 02:11:02'),
(523, 1, 5, 447, 1, '2017-07-11 02:11:02', '2017-07-11 02:11:02'),
(524, 1, 5, 448, 1, '2017-07-11 02:11:02', '2017-07-11 02:11:02'),
(525, 1, 5, 449, 1, '2017-07-11 02:11:02', '2017-07-11 02:11:02'),
(526, 1, 5, 451, 1, '2017-07-13 09:34:04', '2017-07-13 09:34:04'),
(527, 1, 5, 450, 0, '2017-07-13 09:34:04', '2017-07-13 09:34:04'),
(528, 1, 5, 452, 1, '2017-07-19 06:19:44', '2017-07-19 06:19:44'),
(529, 1, 5, 453, 1, '2017-08-03 01:58:41', '2017-08-03 01:58:41'),
(530, 1, 5, 454, 1, '2017-08-03 01:58:41', '2017-08-03 01:58:41'),
(531, 1, 5, 455, 1, '2017-08-03 01:58:41', '2017-08-03 01:58:41'),
(532, 1, 5, 456, 1, '2017-08-03 01:58:41', '2017-08-03 01:58:41'),
(533, 1, 5, 457, 1, '2017-08-03 01:58:41', '2017-08-03 01:58:41'),
(534, 1, 5, 458, 1, '2017-08-03 01:58:41', '2017-08-03 01:58:41'),
(535, 1, 5, 459, 1, '2017-08-03 01:58:41', '2017-08-03 01:58:41'),
(536, 1, 5, 460, 1, '2017-08-03 01:58:41', '2017-08-03 01:58:41'),
(537, 1, 5, 461, 1, '2017-08-03 01:58:41', '2017-08-03 01:58:41'),
(538, 1, 5, 462, 1, '2017-08-03 01:58:41', '2017-08-03 01:58:41'),
(539, 1, 8, 464, 1, '2017-08-03 02:21:52', '2017-08-03 02:21:52'),
(540, 1, 8, 465, 1, '2017-08-03 02:21:52', '2017-08-03 02:21:52'),
(541, 1, 8, 466, 1, '2017-08-03 02:21:52', '2017-08-03 02:21:52'),
(542, 1, 8, 467, 1, '2017-08-03 02:21:52', '2017-08-03 02:21:52'),
(543, 1, 8, 468, 1, '2017-08-03 02:21:52', '2017-08-03 02:21:52'),
(544, 1, 8, 469, 1, '2017-08-03 02:21:52', '2017-08-03 02:21:52'),
(545, 1, 8, 470, 1, '2017-08-03 02:21:52', '2017-08-03 02:21:52'),
(546, 1, 5, 471, 1, '2017-08-16 02:33:46', '2017-08-16 02:33:46'),
(547, 1, 5, 472, 1, '2017-08-16 02:33:46', '2017-08-16 02:33:46'),
(548, 1, 5, 473, 1, '2017-08-16 02:33:46', '2017-08-16 02:33:46'),
(549, 1, 5, 474, 1, '2017-08-16 02:33:46', '2017-08-16 02:33:46'),
(550, 1, 5, 475, 1, '2017-08-16 02:33:46', '2017-08-16 02:33:46'),
(551, 1, 5, 476, 1, '2017-08-16 02:33:46', '2017-08-16 02:33:46'),
(552, 1, 5, 477, 1, '2017-08-16 02:33:46', '2017-08-16 02:33:46'),
(553, 1, 5, 478, 1, '2017-08-16 02:33:46', '2017-08-16 02:33:46'),
(554, 1, 5, 479, 1, '2017-08-16 02:33:46', '2017-08-16 02:33:46'),
(555, 1, 5, 480, 1, '2017-08-16 02:33:46', '2017-08-16 02:33:46'),
(556, 1, 5, 481, 1, '2017-08-16 02:33:46', '2017-08-16 02:33:46'),
(557, 1, 5, 482, 1, '2017-08-16 02:33:46', '2017-08-16 02:33:46'),
(558, 1, 5, 483, 1, '2017-08-16 02:33:46', '2017-08-16 02:33:46'),
(559, 1, 5, 484, 1, '2017-08-16 02:33:46', '2017-08-16 02:33:46'),
(560, 1, 5, 485, 1, '2017-08-16 02:33:46', '2017-08-16 02:33:46'),
(561, 1, 5, 486, 1, '2017-08-16 02:33:46', '2017-08-16 02:33:46'),
(562, 1, 5, 487, 1, '2017-08-16 02:33:46', '2017-08-16 02:33:46'),
(563, 1, 5, 488, 1, '2017-08-16 02:33:46', '2017-08-16 02:33:46'),
(564, 1, 5, 489, 1, '2017-08-16 02:44:17', '2017-08-16 02:44:17'),
(565, 1, 5, 490, 1, '2017-08-16 02:44:17', '2017-08-16 02:44:17'),
(566, 1, 5, 491, 1, '2017-08-16 02:44:17', '2017-08-16 02:44:17'),
(567, 1, 5, 492, 1, '2017-08-16 02:44:17', '2017-08-16 02:44:17'),
(568, 1, 5, 493, 1, '2017-08-16 02:44:17', '2017-08-16 02:44:17'),
(569, 1, 5, 494, 1, '2017-08-16 02:44:17', '2017-08-16 02:44:17'),
(570, 1, 5, 495, 1, '2017-08-16 02:44:17', '2017-08-16 02:44:17'),
(571, 1, 5, 496, 1, '2017-08-16 02:44:17', '2017-08-16 02:44:17'),
(572, 1, 5, 497, 1, '2017-08-16 02:44:17', '2017-08-16 02:44:17'),
(573, 1, 5, 498, 1, '2017-08-16 02:44:17', '2017-08-16 02:44:17'),
(574, 1, 5, 499, 1, '2017-08-16 02:44:17', '2017-08-16 02:44:17'),
(575, 1, 5, 500, 1, '2017-08-16 02:44:17', '2017-08-16 02:44:17'),
(576, 1, 5, 501, 1, '2017-08-16 02:44:17', '2017-08-16 02:44:17'),
(577, 1, 5, 502, 1, '2017-08-16 03:03:16', '2017-08-16 03:03:16'),
(578, 1, 5, 503, 1, '2017-08-16 03:03:16', '2017-08-16 03:03:16'),
(579, 1, 5, 504, 1, '2017-08-16 03:03:16', '2017-08-16 03:03:16'),
(580, 1, 5, 505, 1, '2017-08-16 03:03:16', '2017-08-16 03:03:16'),
(581, 1, 5, 506, 1, '2017-08-16 03:03:16', '2017-08-16 03:03:16'),
(582, 1, 5, 507, 1, '2017-08-16 03:03:16', '2017-08-16 03:03:16'),
(583, 1, 5, 508, 1, '2017-08-16 03:03:16', '2017-08-16 03:03:16'),
(584, 1, 5, 509, 1, '2017-08-16 03:03:16', '2017-08-16 03:03:16'),
(585, 1, 5, 510, 1, '2017-08-16 03:03:16', '2017-08-16 03:03:16'),
(586, 1, 5, 511, 1, '2017-08-16 03:03:16', '2017-08-16 03:03:16'),
(587, 1, 5, 512, 1, '2017-08-16 03:03:16', '2017-08-16 03:03:16'),
(588, 1, 5, 513, 1, '2017-08-16 03:03:16', '2017-08-16 03:03:16'),
(589, 1, 5, 514, 1, '2017-08-16 03:03:16', '2017-08-16 03:03:16'),
(590, 1, 5, 515, 1, '2017-08-16 03:03:16', '2017-08-16 03:03:16'),
(591, 1, 5, 516, 1, '2017-08-16 03:03:16', '2017-08-16 03:03:16'),
(592, 1, 5, 517, 1, '2017-08-16 03:03:16', '2017-08-16 03:03:16'),
(593, 1, 5, 518, 1, '2017-08-16 03:03:16', '2017-08-16 03:03:16'),
(594, 1, 5, 519, 1, '2017-08-16 03:03:16', '2017-08-16 03:03:16'),
(595, 1, 5, 520, 1, '2017-08-30 07:27:23', '2017-08-30 07:27:23'),
(596, 1, 5, 521, 1, '2017-08-30 07:27:23', '2017-08-30 07:27:23'),
(597, 1, 5, 522, 1, '2017-08-30 07:27:23', '2017-08-30 07:27:23'),
(598, 1, 5, 523, 1, '2017-08-30 07:27:23', '2017-08-30 07:27:23'),
(599, 1, 5, 524, 1, '2017-08-30 07:27:23', '2017-08-30 07:27:23'),
(600, 1, 5, 525, 1, '2017-08-30 07:27:23', '2017-08-30 07:27:23'),
(601, 1, 5, 526, 1, '2017-08-30 07:27:23', '2017-08-30 07:27:23'),
(602, 1, 5, 527, 1, '2017-08-30 07:27:23', '2017-08-30 07:27:23'),
(603, 1, 5, 528, 1, '2017-08-30 07:27:23', '2017-08-30 07:27:23'),
(604, 1, 5, 529, 1, '2017-08-30 07:27:23', '2017-08-30 07:27:23'),
(605, 1, 5, 530, 1, '2017-08-30 07:27:23', '2017-08-30 07:27:23'),
(606, 1, 5, 531, 1, '2017-08-30 07:27:23', '2017-08-30 07:27:23'),
(607, 1, 5, 532, 1, '2017-08-30 07:27:23', '2017-08-30 07:27:23'),
(608, 1, 8, 533, 1, '2017-08-30 07:35:06', '2017-08-30 07:35:06'),
(609, 1, 8, 534, 1, '2017-08-30 07:35:06', '2017-08-30 07:35:06'),
(610, 1, 8, 535, 1, '2017-09-05 03:10:33', '2017-09-05 03:10:33'),
(611, 1, 8, 538, 1, '2017-09-05 03:10:33', '2017-09-05 03:10:33'),
(612, 1, 8, 539, 1, '2017-09-05 03:10:33', '2017-09-05 03:10:33'),
(613, 1, 8, 540, 1, '2017-09-05 03:10:33', '2017-09-05 03:10:33'),
(614, 1, 8, 541, 1, '2017-09-05 03:10:33', '2017-09-05 03:10:33'),
(615, 1, 8, 542, 1, '2017-09-05 03:10:33', '2017-09-05 03:10:33'),
(616, 1, 8, 543, 1, '2017-09-05 03:10:33', '2017-09-05 03:10:33'),
(617, 1, 8, 544, 1, '2017-09-05 03:10:33', '2017-09-05 03:10:33'),
(618, 1, 8, 545, 1, '2017-09-05 03:10:33', '2017-09-05 03:10:33'),
(619, 1, 8, 546, 1, '2017-09-05 03:10:33', '2017-09-05 03:10:33'),
(620, 1, 8, 547, 1, '2017-09-05 03:10:33', '2017-09-05 03:10:33'),
(621, 1, 8, 548, 1, '2017-09-05 03:10:33', '2017-09-05 03:10:33'),
(622, 1, 8, 549, 1, '2017-09-05 03:10:33', '2017-09-05 03:10:33'),
(623, 1, 8, 550, 1, '2017-09-05 03:10:33', '2017-09-05 03:10:33'),
(624, 1, 8, 551, 1, '2017-09-05 03:10:33', '2017-09-05 03:10:33'),
(625, 1, 8, 552, 1, '2017-09-05 03:10:33', '2017-09-05 03:10:33'),
(626, 1, 8, 553, 1, '2017-09-05 03:10:33', '2017-09-05 03:10:33'),
(627, 1, 8, 554, 1, '2017-09-05 03:10:33', '2017-09-05 03:10:33'),
(628, 1, 8, 555, 1, '2017-09-05 03:10:33', '2017-09-05 03:10:33'),
(629, 1, 8, 556, 1, '2017-09-05 03:10:33', '2017-09-05 03:10:33'),
(630, 1, 8, 557, 1, '2017-09-05 03:10:33', '2017-09-05 03:10:33'),
(631, 1, 8, 558, 1, '2017-09-05 03:10:33', '2017-09-05 03:10:33'),
(632, 1, 8, 559, 1, '2017-09-05 03:10:33', '2017-09-05 03:10:33'),
(633, 1, 8, 560, 1, '2017-09-05 03:10:33', '2017-09-05 03:10:33'),
(634, 1, 8, 561, 1, '2017-09-05 03:10:33', '2017-09-05 03:10:33'),
(635, 1, 8, 562, 1, '2017-09-05 03:10:33', '2017-09-05 03:10:33'),
(636, 1, 8, 563, 1, '2017-09-05 03:10:33', '2017-09-05 03:10:33'),
(637, 1, 8, 564, 1, '2017-09-05 03:10:33', '2017-09-05 03:10:33'),
(638, 1, 8, 565, 1, '2017-09-05 03:10:33', '2017-09-05 03:10:33'),
(639, 1, 8, 566, 1, '2017-09-05 03:10:33', '2017-09-05 03:10:33'),
(640, 1, 8, 567, 1, '2017-09-05 03:10:33', '2017-09-05 03:10:33'),
(641, 1, 8, 568, 1, '2017-09-05 03:10:33', '2017-09-05 03:10:33'),
(642, 1, 8, 570, 1, '2017-09-05 03:31:07', '2017-09-05 03:31:07'),
(643, 1, 5, 571, 1, '2017-09-12 06:13:39', '2017-09-12 06:13:39'),
(644, 1, 5, 572, 1, '2017-09-12 06:13:39', '2017-09-12 06:13:39'),
(645, 1, 5, 573, 1, '2017-09-12 06:13:39', '2017-09-12 06:13:39'),
(646, 1, 5, 574, 1, '2017-09-12 06:13:39', '2017-09-12 06:13:39'),
(647, 1, 5, 575, 1, '2017-09-12 06:13:39', '2017-09-12 06:13:39'),
(648, 1, 5, 576, 1, '2017-09-12 06:13:39', '2017-09-12 06:13:39'),
(649, 1, 5, 577, 1, '2017-09-12 06:13:39', '2017-09-12 06:13:39'),
(650, 1, 5, 578, 1, '2017-09-12 06:13:39', '2017-09-12 06:13:39'),
(651, 1, 5, 579, 1, '2017-09-12 06:13:39', '2017-09-12 06:13:39'),
(652, 1, 5, 580, 1, '2017-09-12 06:13:39', '2017-09-12 06:13:39'),
(653, 1, 2, 581, 1, '2017-09-18 06:50:54', '2017-09-18 06:50:54'),
(654, 1, 2, 582, 1, '2017-09-18 06:50:54', '2017-09-18 06:50:54'),
(655, 1, 2, 583, 1, '2017-09-18 06:50:54', '2017-09-18 06:50:54'),
(656, 1, 2, 584, 1, '2017-09-18 06:50:54', '2017-09-18 06:50:54'),
(657, 1, 2, 585, 1, '2017-09-19 01:12:54', '2017-09-19 01:12:54'),
(658, 1, 2, 586, 0, '2017-09-19 02:30:36', '2017-09-25 10:09:07'),
(659, 1, 2, 587, 1, '2017-09-19 03:19:08', '2017-09-19 03:19:08'),
(660, 1, 2, 588, 1, '2017-09-19 03:46:05', '2017-09-19 03:46:05'),
(661, 1, 3, 589, 1, '2017-09-19 04:32:59', '2017-09-19 04:32:59'),
(662, 1, 3, 590, 1, '2017-09-19 07:39:24', '2017-09-19 07:39:24'),
(663, 1, 3, 591, 1, '2017-09-19 07:43:02', '2017-09-19 07:43:02'),
(664, 1, 3, 592, 1, '2017-09-19 08:43:12', '2017-09-19 08:43:12'),
(665, 1, 3, 593, 1, '2017-09-19 08:43:12', '2017-09-19 08:43:12'),
(666, 1, 3, 594, 1, '2017-09-19 08:43:12', '2017-09-19 08:43:12'),
(667, 1, 4, 595, 1, '2017-09-20 03:08:03', '2017-09-20 03:08:03'),
(668, 1, 4, 596, 1, '2017-09-20 03:08:03', '2017-09-20 03:08:03'),
(669, 1, 4, 597, 0, '2017-09-20 03:08:03', '2017-09-25 10:10:39'),
(670, 1, 4, 598, 1, '2017-09-20 03:08:03', '2017-09-20 03:08:03'),
(671, 1, 4, 599, 1, '2017-09-20 04:02:29', '2017-09-20 04:02:29'),
(672, 1, 4, 600, 1, '2017-09-20 04:02:29', '2017-09-20 04:02:29'),
(673, 1, 4, 601, 1, '2017-09-20 04:02:29', '2017-09-20 04:02:29'),
(674, 1, 5, 602, 1, '2017-09-20 08:30:10', '2017-09-20 08:30:10'),
(675, 1, 6, 603, 1, '2017-09-22 06:51:49', '2017-09-22 06:51:49'),
(676, 1, 6, 604, 1, '2017-09-22 09:23:20', '2017-09-22 09:23:20'),
(677, 1, 5, 605, 0, '2017-09-25 03:03:09', '2017-10-03 03:39:02'),
(678, 1, 5, 606, 1, '2017-09-25 04:39:11', '2017-09-25 04:39:11'),
(679, 1, 4, 607, 1, '2017-09-26 03:08:40', '2017-09-26 03:08:40'),
(680, 1, 2, 608, 1, '2017-09-26 03:23:00', '2017-09-26 03:23:00'),
(681, 1, 7, 609, 1, '2017-09-29 02:11:11', '2017-09-29 02:11:11'),
(682, 1, 7, 610, 1, '2017-10-03 07:09:57', '2017-10-03 07:09:57'),
(683, 1, 7, 611, 1, '2017-10-06 02:38:36', '2017-10-06 02:38:36'),
(684, 1, 7, 612, 1, '2017-10-06 02:38:36', '2017-10-06 02:38:36'),
(685, 2, 2, 581, 0, '2017-10-16 09:32:56', '2017-10-16 09:32:56'),
(686, 2, 2, 582, 0, '2017-10-16 09:32:56', '2017-10-16 09:32:56'),
(687, 2, 2, 583, 0, '2017-10-16 09:32:56', '2017-10-16 09:32:56'),
(688, 2, 2, 584, 0, '2017-10-16 09:32:56', '2017-10-16 09:32:56'),
(689, 2, 2, 585, 0, '2017-10-16 09:32:56', '2017-10-16 09:32:56'),
(690, 2, 2, 587, 0, '2017-10-16 09:32:56', '2017-10-16 09:32:56'),
(691, 2, 2, 588, 0, '2017-10-16 09:32:56', '2017-10-16 09:32:56'),
(692, 2, 2, 608, 0, '2017-10-16 09:32:56', '2017-10-16 09:32:56'),
(693, 2, 2, 613, 0, '2017-10-16 09:32:56', '2017-10-16 09:32:56'),
(694, 1, 2, 613, 1, '2017-10-16 09:33:37', '2017-10-16 09:33:37'),
(695, 1, 2, 614, 1, '2017-10-22 03:58:43', '2017-10-22 03:58:43');

-- --------------------------------------------------------

--
-- Table structure for table `tr_penerimaan`
--

CREATE TABLE `tr_penerimaan` (
  `id` int(11) NOT NULL,
  `type` enum('KONTRAK','BANTUAN') NOT NULL,
  `rf_vendor_id` int(11) NOT NULL,
  `rf_kontrak_id` int(11) DEFAULT NULL,
  `nomor_penerimaan` varchar(255) DEFAULT NULL,
  `rf_gudang_id` varchar(255) DEFAULT NULL,
  `tanggal_penerimaan` date NOT NULL,
  `jam_datang` time DEFAULT NULL,
  `jam_bongkar` time DEFAULT NULL,
  `jenis_kendaraan` varchar(255) DEFAULT NULL,
  `no_kendaraan` varchar(255) DEFAULT NULL,
  `pengemudi` varchar(255) DEFAULT NULL,
  `no_hp_pengemudi` varchar(255) DEFAULT NULL,
  `nama_penyedia` varchar(255) DEFAULT NULL,
  `created_at` datetime DEFAULT NULL ON UPDATE CURRENT_TIMESTAMP,
  `created_by` int(11) DEFAULT NULL,
  `updated_at` datetime DEFAULT NULL ON UPDATE CURRENT_TIMESTAMP,
  `updated_by` int(11) DEFAULT NULL
) ENGINE=InnoDB DEFAULT CHARSET=latin1;

--
-- Dumping data for table `tr_penerimaan`
--

INSERT INTO `tr_penerimaan` (`id`, `type`, `rf_vendor_id`, `rf_kontrak_id`, `nomor_penerimaan`, `rf_gudang_id`, `tanggal_penerimaan`, `jam_datang`, `jam_bongkar`, `jenis_kendaraan`, `no_kendaraan`, `pengemudi`, `no_hp_pengemudi`, `nama_penyedia`, `created_at`, `created_by`, `updated_at`, `updated_by`) VALUES
(6, 'KONTRAK', 14, 3, 'NP-0001', '19', '2017-10-23', '00:00:00', '02:00:00', 'Truck', 'B 000 JO', 'Abdul', '0898755899', NULL, '2017-10-23 15:09:04', NULL, '2017-10-23 15:09:04', NULL);

-- --------------------------------------------------------

--
-- Table structure for table `tr_penerimaan_detail`
--

CREATE TABLE `tr_penerimaan_detail` (
  `id` int(11) NOT NULL,
  `tr_penerimaan_id` int(11) NOT NULL,
  `rf_detail_kontrak_id` int(11) DEFAULT NULL,
  `kode_paket` varchar(225) DEFAULT NULL,
  `qty` int(11) DEFAULT NULL,
  `sumber` varchar(255) DEFAULT NULL,
  `keterangan` varchar(255) DEFAULT NULL,
  `created_at` datetime NOT NULL DEFAULT '0000-00-00 00:00:00' ON UPDATE CURRENT_TIMESTAMP,
  `created_by` int(11) DEFAULT NULL,
  `updated_at` datetime NOT NULL DEFAULT '0000-00-00 00:00:00' ON UPDATE CURRENT_TIMESTAMP,
  `updated_by` int(11) DEFAULT NULL
) ENGINE=InnoDB DEFAULT CHARSET=latin1;

--
-- Dumping data for table `tr_penerimaan_detail`
--

INSERT INTO `tr_penerimaan_detail` (`id`, `tr_penerimaan_id`, `rf_detail_kontrak_id`, `kode_paket`, `qty`, `sumber`, `keterangan`, `created_at`, `created_by`, `updated_at`, `updated_by`) VALUES
(13, 6, 4, '1010501008000741', 10, 'Bagus', 'Bagus', '2017-10-23 15:09:04', NULL, '2017-10-23 15:09:04', NULL),
(14, 6, 5, '1010501008000740', 10, 'Bagus', 'Bagus', '2017-10-23 15:09:04', NULL, '2017-10-23 15:09:04', NULL);

-- --------------------------------------------------------

--
-- Table structure for table `users`
--

CREATE TABLE `users` (
  `id` int(10) UNSIGNED NOT NULL,
  `name` varchar(255) COLLATE utf8mb4_unicode_ci NOT NULL,
  `email` varchar(255) COLLATE utf8mb4_unicode_ci NOT NULL,
  `password` varchar(255) COLLATE utf8mb4_unicode_ci NOT NULL,
  `remember_token` varchar(100) COLLATE utf8mb4_unicode_ci DEFAULT NULL,
  `role_id` int(11) NOT NULL,
  `created_at` timestamp NULL DEFAULT NULL,
  `updated_at` timestamp NULL DEFAULT NULL
) ENGINE=InnoDB DEFAULT CHARSET=utf8mb4 COLLATE=utf8mb4_unicode_ci;

--
-- Dumping data for table `users`
--

INSERT INTO `users` (`id`, `name`, `email`, `password`, `remember_token`, `role_id`, `created_at`, `updated_at`) VALUES
(1, 'Iqbal Ardiansyah', 'aiqbalsyah@gmail.com', '$2y$10$MyxRxfJ66qhLI/G08YedHeeJ1lc03/JkcEVwPy646RoqtfWlBRxTy', '76Atgo0nYDcIVqUSoeNy01GAazgiEysXpXOEZnGkAlmMsFpYbvFbyBxFSNSX', 1, '2017-02-22 19:07:26', '2017-02-22 19:07:26'),
(2, 'dev', 'tegarfiqri.b@gmail.com', '$2y$10$sKMHdTRr7ym.ihLbOqAxneQfqXlD5XNl5F.WjEUpUERrAeuHQpwDi', 'KRpnTx50bQuDLlKiyBPaNFx9KmAhrBK7IRMx7pRxyTJ5EKqubXxBHJ60lEmS', 1, '2017-03-05 22:34:22', '2017-03-05 22:34:22'),
(3, 'fahmi nur rahman', 'fachminur@gmail.com', '$2y$10$3.EAklPn73KMmLlvos6abeCpeZ8bPUHNSoGyJrcQJq5hDL42n.T9e', NULL, 1, '2017-03-12 22:36:17', '2017-03-12 22:36:17'),
(4, 'umum', 'umum@gmail.com', '$2y$10$QPvuUl7.CKIqR.6WGjh2nOMsL.8l90ZI.xOHNh/0MHcBzqmF6NY9C', 'r2yAdr5RM52O2K2KosINZ4ig8U1dhxJo5c1YGKs6CjPoARAFouAYBB3NN7Vy', 2, '2017-06-13 19:40:20', '2017-09-06 03:08:52');

--
-- Indexes for dumped tables
--

--
-- Indexes for table `districts`
--
ALTER TABLE `districts`
  ADD PRIMARY KEY (`id`);

--
-- Indexes for table `modules`
--
ALTER TABLE `modules`
  ADD PRIMARY KEY (`id`);

--
-- Indexes for table `module_permissions`
--
ALTER TABLE `module_permissions`
  ADD PRIMARY KEY (`id`);

--
-- Indexes for table `provinces`
--
ALTER TABLE `provinces`
  ADD PRIMARY KEY (`id`);

--
-- Indexes for table `rf_adjustment_stok`
--
ALTER TABLE `rf_adjustment_stok`
  ADD PRIMARY KEY (`id`);

--
-- Indexes for table `rf_darurat`
--
ALTER TABLE `rf_darurat`
  ADD PRIMARY KEY (`id`);

--
-- Indexes for table `rf_detail_kontrak`
--
ALTER TABLE `rf_detail_kontrak`
  ADD PRIMARY KEY (`id`);

--
-- Indexes for table `rf_gudang`
--
ALTER TABLE `rf_gudang`
  ADD PRIMARY KEY (`id`);

--
-- Indexes for table `rf_jenis_bencana`
--
ALTER TABLE `rf_jenis_bencana`
  ADD PRIMARY KEY (`id`);

--
-- Indexes for table `rf_kelompok_barang`
--
ALTER TABLE `rf_kelompok_barang`
  ADD PRIMARY KEY (`id`);

--
-- Indexes for table `rf_kontrak`
--
ALTER TABLE `rf_kontrak`
  ADD PRIMARY KEY (`id`);

--
-- Indexes for table `rf_paket`
--
ALTER TABLE `rf_paket`
  ADD PRIMARY KEY (`id`);

--
-- Indexes for table `rf_pengiriman`
--
ALTER TABLE `rf_pengiriman`
  ADD PRIMARY KEY (`id`);

--
-- Indexes for table `rf_pengiriman_detail`
--
ALTER TABLE `rf_pengiriman_detail`
  ADD PRIMARY KEY (`id`);

--
-- Indexes for table `rf_penguatan`
--
ALTER TABLE `rf_penguatan`
  ADD PRIMARY KEY (`id`);

--
-- Indexes for table `rf_permintaan`
--
ALTER TABLE `rf_permintaan`
  ADD PRIMARY KEY (`id`);

--
-- Indexes for table `rf_permintaan_detail`
--
ALTER TABLE `rf_permintaan_detail`
  ADD PRIMARY KEY (`id`);

--
-- Indexes for table `rf_satuan`
--
ALTER TABLE `rf_satuan`
  ADD PRIMARY KEY (`id`);

--
-- Indexes for table `rf_stock_opname`
--
ALTER TABLE `rf_stock_opname`
  ADD PRIMARY KEY (`id`);

--
-- Indexes for table `rf_vendor`
--
ALTER TABLE `rf_vendor`
  ADD PRIMARY KEY (`id`);

--
-- Indexes for table `roles`
--
ALTER TABLE `roles`
  ADD PRIMARY KEY (`id`);

--
-- Indexes for table `sub_modules`
--
ALTER TABLE `sub_modules`
  ADD PRIMARY KEY (`id`);

--
-- Indexes for table `sub_module_permissions`
--
ALTER TABLE `sub_module_permissions`
  ADD PRIMARY KEY (`id`);

--
-- Indexes for table `tr_penerimaan`
--
ALTER TABLE `tr_penerimaan`
  ADD PRIMARY KEY (`id`);

--
-- Indexes for table `tr_penerimaan_detail`
--
ALTER TABLE `tr_penerimaan_detail`
  ADD PRIMARY KEY (`id`);

--
-- Indexes for table `users`
--
ALTER TABLE `users`
  ADD PRIMARY KEY (`id`);

--
-- AUTO_INCREMENT for dumped tables
--

--
-- AUTO_INCREMENT for table `districts`
--
ALTER TABLE `districts`
  MODIFY `id` int(11) NOT NULL AUTO_INCREMENT, AUTO_INCREMENT=536;
--
-- AUTO_INCREMENT for table `modules`
--
ALTER TABLE `modules`
  MODIFY `id` int(11) NOT NULL AUTO_INCREMENT, AUTO_INCREMENT=10;
--
-- AUTO_INCREMENT for table `module_permissions`
--
ALTER TABLE `module_permissions`
  MODIFY `id` int(11) NOT NULL AUTO_INCREMENT, AUTO_INCREMENT=19;
--
-- AUTO_INCREMENT for table `provinces`
--
ALTER TABLE `provinces`
  MODIFY `id` int(11) UNSIGNED NOT NULL AUTO_INCREMENT, AUTO_INCREMENT=35;
--
-- AUTO_INCREMENT for table `rf_adjustment_stok`
--
ALTER TABLE `rf_adjustment_stok`
  MODIFY `id` int(11) NOT NULL AUTO_INCREMENT;
--
-- AUTO_INCREMENT for table `rf_darurat`
--
ALTER TABLE `rf_darurat`
  MODIFY `id` int(11) NOT NULL AUTO_INCREMENT, AUTO_INCREMENT=2;
--
-- AUTO_INCREMENT for table `rf_detail_kontrak`
--
ALTER TABLE `rf_detail_kontrak`
  MODIFY `id` int(11) NOT NULL AUTO_INCREMENT, AUTO_INCREMENT=6;
--
-- AUTO_INCREMENT for table `rf_gudang`
--
ALTER TABLE `rf_gudang`
  MODIFY `id` int(11) NOT NULL AUTO_INCREMENT, AUTO_INCREMENT=20;
--
-- AUTO_INCREMENT for table `rf_jenis_bencana`
--
ALTER TABLE `rf_jenis_bencana`
  MODIFY `id` int(11) NOT NULL AUTO_INCREMENT, AUTO_INCREMENT=16;
--
-- AUTO_INCREMENT for table `rf_kelompok_barang`
--
ALTER TABLE `rf_kelompok_barang`
  MODIFY `id` int(11) NOT NULL AUTO_INCREMENT, AUTO_INCREMENT=17;
--
-- AUTO_INCREMENT for table `rf_kontrak`
--
ALTER TABLE `rf_kontrak`
  MODIFY `id` int(11) NOT NULL AUTO_INCREMENT, AUTO_INCREMENT=4;
--
-- AUTO_INCREMENT for table `rf_paket`
--
ALTER TABLE `rf_paket`
  MODIFY `id` int(11) NOT NULL AUTO_INCREMENT, AUTO_INCREMENT=28;
--
-- AUTO_INCREMENT for table `rf_pengiriman`
--
ALTER TABLE `rf_pengiriman`
  MODIFY `id` int(11) NOT NULL AUTO_INCREMENT, AUTO_INCREMENT=2;
--
-- AUTO_INCREMENT for table `rf_pengiriman_detail`
--
ALTER TABLE `rf_pengiriman_detail`
  MODIFY `id` int(11) NOT NULL AUTO_INCREMENT, AUTO_INCREMENT=2;
--
-- AUTO_INCREMENT for table `rf_penguatan`
--
ALTER TABLE `rf_penguatan`
  MODIFY `id` int(11) NOT NULL AUTO_INCREMENT, AUTO_INCREMENT=3;
--
-- AUTO_INCREMENT for table `rf_permintaan`
--
ALTER TABLE `rf_permintaan`
  MODIFY `id` int(11) NOT NULL AUTO_INCREMENT, AUTO_INCREMENT=2;
--
-- AUTO_INCREMENT for table `rf_permintaan_detail`
--
ALTER TABLE `rf_permintaan_detail`
  MODIFY `id` int(11) NOT NULL AUTO_INCREMENT, AUTO_INCREMENT=2;
--
-- AUTO_INCREMENT for table `rf_satuan`
--
ALTER TABLE `rf_satuan`
  MODIFY `id` int(11) NOT NULL AUTO_INCREMENT, AUTO_INCREMENT=7;
--
-- AUTO_INCREMENT for table `rf_stock_opname`
--
ALTER TABLE `rf_stock_opname`
  MODIFY `id` int(11) NOT NULL AUTO_INCREMENT, AUTO_INCREMENT=4;
--
-- AUTO_INCREMENT for table `rf_vendor`
--
ALTER TABLE `rf_vendor`
  MODIFY `id` int(11) NOT NULL AUTO_INCREMENT, AUTO_INCREMENT=21;
--
-- AUTO_INCREMENT for table `roles`
--
ALTER TABLE `roles`
  MODIFY `id` int(11) NOT NULL AUTO_INCREMENT, AUTO_INCREMENT=3;
--
-- AUTO_INCREMENT for table `sub_modules`
--
ALTER TABLE `sub_modules`
  MODIFY `id` int(11) NOT NULL AUTO_INCREMENT, AUTO_INCREMENT=615;
--
-- AUTO_INCREMENT for table `sub_module_permissions`
--
ALTER TABLE `sub_module_permissions`
  MODIFY `id` int(11) NOT NULL AUTO_INCREMENT, AUTO_INCREMENT=696;
--
-- AUTO_INCREMENT for table `tr_penerimaan`
--
ALTER TABLE `tr_penerimaan`
  MODIFY `id` int(11) NOT NULL AUTO_INCREMENT, AUTO_INCREMENT=7;
--
-- AUTO_INCREMENT for table `tr_penerimaan_detail`
--
ALTER TABLE `tr_penerimaan_detail`
  MODIFY `id` int(11) NOT NULL AUTO_INCREMENT, AUTO_INCREMENT=15;
--
-- AUTO_INCREMENT for table `users`
--
ALTER TABLE `users`
  MODIFY `id` int(10) UNSIGNED NOT NULL AUTO_INCREMENT, AUTO_INCREMENT=5;COMMIT;

/*!40101 SET CHARACTER_SET_CLIENT=@OLD_CHARACTER_SET_CLIENT */;
/*!40101 SET CHARACTER_SET_RESULTS=@OLD_CHARACTER_SET_RESULTS */;
/*!40101 SET COLLATION_CONNECTION=@OLD_COLLATION_CONNECTION */;
